id,date,title,link,content
1,2025-06-10,"""Cá mập"" Pyn Elite Fund thắng lớn nhờ HVN và GEX",https://vneconomy.vn/ca-map-pyn-elite-fund-thang-lon-nho-hvn-va-gex.htm,"Theo báo cáo tháng 5 mới công bố, Pyn Elite Fund ghi nhận hiệu suất tăng 5,4% nhờ sự khởi sắc của HVN, GEX và các cổ phiếu chứng khoán. Tính đến cuối tháng 5, quy mô danh mục của quỹ ngoại này lên đến gần 770 triệu EUR (~23.000 tỷ đồng). Cổ phiếu ngân hàng vẫn chiếm tỷ trọng lớn nhất với mức phân bổ là 47%, dù đã bán bớt cổ phiếu TPB.
Ngược lại, quỹ đã phân bổ một tỷ trọng đáng kể cho ngân hàng VIB và tăng tỷ trọng của mình vào MBB từ 9,5% lên 12,5%.
Ông Petri Deryng, người đứng đầu quản lý quỹ nhận định rằng MBB đã có một khởi đầu thiếu ấn tượng trong năm khi các nhà đầu tư lo ngại về chất lượng danh mục cho vay của ngân hàng. Trong quý 1, doanh thu ròng tăng 30% so với cùng kỳ năm trước, lợi nhuận ròng tăng 49% và tỷ lệ nợ xấu (NPL) chỉ tăng nhẹ.
Mặc dù tăng trưởng mạnh mẽ, nhưng điều này không được phản ánh trong giá cổ phiếu khi các nhà đầu tư chờ đợi dấu hiệu của một danh mục tín dụng mạnh mẽ hơn. Nhà phát triển bất động sản Novaland — một trong những khách hàng quan trọng nhất của MBB — đã nhận được sự cho phép vào tháng 5 để tiếp tục dự án Aqua City gặp khó khăn, cho phép họ khôi phục việc bán căn hộ trong quý 3.
Đồng thời, Chính phủ đã tăng giá điện bán lẻ và công bố kế hoạch phát triển ngành năng lượng. Những quyết định này có tác động tích cực đến các dự án năng lượng tái tạo được MBB tài trợ.
Về thị trường chung, chỉ số VN-Index tăng 8,7%, trong đó có đến 40% được đóng góp bởi mức tăng Vingroup và Vinhomes, hai cổ phiếu này được thúc đẩy bởi sự hào hứng của nhà đầu tư cá nhân đối với các dự án đường sắt và các biện pháp của chính phủ nhằm thúc đẩy tăng trưởng kinh tế.
Tâm lý thị trường cũng được cải thiện nhờ tiến triển trong các cuộc đàm phán thuế quan giữa Việt Nam và Mỹ. Chính phủ đã thông báo trong một tuyên bố rằng mục tiêu tăng trưởng GDP sẽ đạt trên 8% vào năm 2025 và 8,2% trong quý hai (quý 1: 6,9%). Mục tiêu này có nghĩa là cần có thêm đầu tư vào cơ sở hạ tầng, dự kiến sẽ tăng nợ công tương đối so với GDP và nhằm củng cố khu vực tư nhân.
Quá trình cấp phép đã được đẩy nhanh, đặc biệt là cho các dự án năng lượng tái tạo và bất động sản.
Về vĩ mô, đầu tư công đã tăng tốc vào tháng 5 đạt 2,7 tỷ USD, gấp đôi mức trung bình 5 năm. Từ đầu năm đến nay, đã có 7,7 tỷ USD được đầu tư tăng 38,8% so với cùng kỳ năm trước. Điều này phản ánh sự tập trung của chính phủ vào các dự án cơ sở hạ tầng và việc tăng tốc xử lý cấp phép đầu tư.
Doanh thu bán lẻ đã tăng 10,2% so với cùng kỳ năm trước trong tháng 5 (5 tháng tăng 9,7%) và sản xuất công nghiệp (IIP) tăng 9,4% (5 tháng tăng 8,8%). Đầu tư trực tiếp nước ngoài (FDI) thực tế đã tăng cường, đạt 18,4 tỷ USD từ đầu năm đến nay (5 tháng tăng 51,1% so với cùng kỳ năm trước). Xuất khẩu tăng 17,0% so với cùng kỳ năm trước, một phần do các công ty gấp rút giao hàng để chuẩn bị cho các mức thuế mới.
Mới đây, nhận định về thuế đối ứng của Mỹ, ông Petri Deryng, người đứng đầu quản lý quỹ cho rằng ngay cả trước khi có quyết định về thuế quan của Tổng thống Trump, chính quyền Việt Nam đã tăng cường chi tiêu công và kích thích nhu cầu từ khu vực tư nhân trong nước bằng nhiều cách. Với mức thuế mới này, các động thái kích thích đầu tư trong nước chắc chắn sẽ chỉ gia tăng.
""Nếu các mức thuế trở nên hợp lý, những yếu tố tích cực đáng kể trong thị trường Việt Nam có thể xuất hiện để hỗ trợ sự phục hồi của thị trường chứng khoán của đất nước. Đồng thời, dòng tiền của nhà đầu tư có thể tiếp tục di chuyển từ lĩnh vực công nghệ của Hoa Kỳ và các cổ phiếu MAG7 sang các khu vực khác trên thế giới, bao gồm cả Việt Nam"", ông Petri Deryng nhấn mạnh."
2,2025-06-10,Vàng có nguy cơ gãy mốc 3.300 USD/oz trong lúc chờ kết quả đàm phán Mỹ -Trung,https://vneconomy.vn/vang-co-nguy-co-gay-moc-3-300-usd-oz-trong-luc-cho-ket-qua-dam-phan-my-trung.htm,"Quỹ vàng khổng lồ SPDR Gold Trust tiếp tục mua ròng trong phiên giao dịch đầu tuần.
Lúc 9h10 sáng nay (10/6), giá vàng giao ngay tại thị trường châu Á giảm hơn 20 USD/oz so với đóng cửa phiên đêm qua tại Mỹ, tương đương giảm hơn 0,6%, giao dịch ở mức 3.304,5 USD/oz - theo dữ liệu từ sàn giao dịch Kitco. Quy đổi theo tỷ giá USD bán ra tại ngân hàng Vietcombank, mức giá này tương đương khoảng 104,4 triệu đồng/lượng.
Cùng thời điểm trên, website của Vietcombank báo giá USD ở mức 25.830 đồng (mua vào) và 26.220 đồng (bán ra).
Trong phiên ngày thứ Hai tại New York, giá vàng giao ngay đóng cửa ở mức 3.325,3 USD/oz, tăng 13,64 USD/oz so với mức chốt của tuần trước, tương đương tăng hơn 0,4%.
Phiên đầu tuần, giá vàng được hỗ trợ bởi sự xuống giá của đồng USD. Chỉ số Dollar Index đo sức mạnh của bạc xanh so với một rổ gồm 6 đồng tiền chủ chốt khác đóng cửa ở mức 98,94 điểm, giảm từ mức trên 99 điểm chốt tuần trước - theo dữ liệu từ trang MarketWatch.
Tuy nhiên sáng nay, đồng USD đã hồi phục và gây áp lực giảm lên giá vàng. Có thời điểm, Dollar Index đạt hơn 99,2 điểm, tăng 0,3% so với mức đóng cửa của phiên ngày hôm trước.
USD tăng giá và nhu cầu phòng ngừa rủi ro bằng cách nắm giữ vàng đang có phần yếu đi khi các quan chức cấp cao của Mỹ tiến hành đàm phán thương mại vòng thứ hai ở London, Anh.
Ba nhà đàm phán thương mại cấp cao nhất của Mỹ gồm Bộ trưởng Bộ Tài chính Scott Bessent, Bộ trưởng Bộ Thương mại Howard Lutnick và Đại diện Thương mại Mỹ Jamieson Greer đều tham dự vòng đàm phán này. Bên phía Trung Quốc, dẫn đầu phái đoàn là Phó thủ tướng Hà Lập Phong.
Trong một cuộc trao đổi với hãng tin CNBC ngày 9/6, Giám đốc Hội đồng Kinh tế Quốc gia Mỹ (NEC) Kevin Hasset nói rằng với vòng đàm phán này, Mỹ tìm kiếm một sự xác nhận rằng Trung Quốc sẽ nối lại hoạt động xuất khẩu các khoáng sản quan trọng. Theo dự kiến, cuộc đàm phán sẽ tiếp tục và buổi sáng ngày thứ Ba - nguồn thạo tin tiết lộ với CNBC.
“Trong ngắn hạn, nếu cuộc gặp này mang lại một kết quả khả quan, giá vàng sẽ gặp một chút bất lợi, nhưng sẽ không lớn”, chiến lược gia trưởng Bart Melek của công ty TD Securities nhận định với hãng tin Reuters. “Một nền kinh tế yếu đi, khả năng cắt giảm lãi suất tăng lên, và rủi ro bán các tài sản rủi ro sẽ thúc đẩy nhà đầu tư tiếp tục rót vốn vào vàng. Và dĩ nhiên, cũng không thể không kể đến lạm phát tăng”.
Tuần này, tâm điểm chú ý của nhà đầu tư ở Phố Wall sẽ là cuộc đàm phán Mỹ - Trung, tiếp đến là số liệu lạm phát Mỹ. Theo dự kiến, báo cáo chỉ số giá tiêu dùng (CPI) tháng 5 sẽ được Bộ Lao động Mỹ công bố vào ngày thứ Tư. Đây sẽ là cơ sở để các nhà giao dịch xác định thuế quan đã có tác động như thế nào đến nền kinh tế Mỹ và định hình đường đi lãi suất của Cục Dự trữ Liên bang Mỹ (Fed).
Số liệu công bố vào cuối tuần vừa rồi cho thấy Ngân hàng Trung ương Trung Quốc (PBOC) mua ròng vàng tháng thứ bảy liên tiếp trong tháng 5 vừa qua. Theo đó, dự trữ vàng chính thức của nước này đạt 73,83 triệu ounce vào cuối tháng 5, từ mức 73,77 triệu ounce vào cuối tháng 4.
Tuy nhiên, giá trị vàng dự trữ đạt 241,99 tỷ USD vào cuối tháng 5, giảm từ mức 243,59 tỷ USD vào cuối tháng 4 - theo PBOC.
Quỹ ETF vàng lớn nhất thế giới SPDR Gold Trust mua ròng khoảng 2 tấn vàng trong phiên ngày thứ Hai, tăng khối lượng nắm giữ lên mức 936,2 tấn vàng. Tuần trước, quỹ mua ròng 4 tấn vàng, đánh dấu tuần mua ròng thứ hai liên tiếp.
“Các nhà đầu cơ giá xuống vẫn đang nắm ưu thế dưới mốc 3.400 USD/oz. Nếu giảm dưới 3.360 USD/oz, giá vàng sẽ tụt về 3.300 USD/oz rồi 3.000 USD/oz”, nhà phân tích cấp cao Lukman Otunuga của công ty FXTM nhận định với trang Kitco News. “Các nhà đầu cơ giá lên vẫn có thể phản công, nhưng giá cần vượt 3.360 USD/oz và 3.400 USD/oz”.
Nhận định về số liệu CPI của Mỹ sắp công bố trong tuần này, ông Otunuga nói: “Chỉ số CPI cao hơn dự kiến có thể củng cố sức mạnh cho đồng USD và làm giảm sự đặt cược vào việc Fed hạ lãi suất, do đó gây bất lợi cho vàng. Ngược lại, CPI yếu hơn có thể đẩy giá vàng lên cao hơn”."
3,2025-06-10,VN-Index có xác suất tìm kiếm điểm cân bằng ở quanh khu vực 1.300,https://vneconomy.vn/vn-index-co-xac-suat-tim-kiem-diem-can-bang-o-quanh-khu-vuc-1-300.htm,"VnEconomy giới thiệu nhận định và khuyến nghị đầu tư của một số công ty chứng khoán về diễn biến thị trường ngày 10/6/2025
Kết phiên 9/6, VN-Index giảm 19,32 điểm, tương đương 1,45% xuống mốc 1.310,57 điểm. Cùng chiều, Hnx-Index giảm 2,12 điểm, tương đương 0,93% xuống 226,49 điểm.
VN-Index nhiều khả năng sẽ tiếp tục có diễn biến giằng co
(Công ty Cổ phần Chứng khoán Bảo Việt – BVSC)
“VN-Index nhiều khả năng sẽ tiếp tục có diễn biến giằng co, điều chỉnh nhẹ vào đầu tuần. Áp lực điều chỉnh có thể sẽ gia tăng về cuối tuần. Các nhóm cổ phiếu vẫn sẽ có sự phân hóa mạnh với sự luân phiên tăng điểm của từng phân lớp cổ phiếu ngay cả khi thị trường điều chỉnh.
Nhà đầu tư tiếp tục ưu tiên quản trị rủi ro cho danh mục bằng cách bán chốt lời từng phần để tăng vị thế tiền mặt, đồng thời thiết lập các lệnh trailing stop để bảo toàn lợi nhuận cho các vị thế đang có.
Các hoạt động trading T+ chỉ dành cho nhà đầu tư có khẩu vị chấp nhận rủi ro cao và nên thực hiện với tỷ trọng thấp khi thị trường xuất hiện các phiên điều chỉnh, rung lắc mạnh đầu tuần”.
VN-Index đang chịu áp lực điều chỉnh kiểm tra lại hỗ trợ tâm lý 1.300
(Công ty Cổ phần Chứng khoán Sài Gòn - Hà Nội - SHS)
""Xu hướng ngắn hạn VN-Index đang kết thúc giai đoạn phục hồi và tăng trưởng ngắn hạn sau khi tạm hoãn áp thuế. VN-Index có thể chuyển sang giai đoạn điều chỉnh, tích lũy để chờ cập nhật thêm các yếu tố cơ bản của doanh nghiệp. Cập nhật các yếu tố vĩ mô, cũng như chờ các thông tin của giai đoạn cuối đàm phán và mức thuế mới sau khi kết thúc đàm phán, tạm hoãn áp thuế. VN-Index đang chịu áp lực điều chỉnh kiểm tra lại hỗ trợ tầm lý 1.300 điểm như đã đề cập ở các bản tin trước. Hỗ trợ mạnh hơn của chỉ số VN-Index là quanh 1.270 điểm, tương ứng giá trung bình 200 phiên, kháng cự quanh 1.330 điểm.
Thị trường cần thời gian tạo vùng giá cân bằng mới đối với nhiều nhóm ngành chịu ảnh hưởng thuế quan khi các yếu tố cơ bản đang thay đổi, suy yếu. Ngắn hạn thị trường vẫn có tính chất xoay vòng, luân chuyển nhanh. Tuy nhiên mức độ rủi ro thua lỗ ngắn hạn đang gia tăng mạnh với nhiều vị thế thua lỗ ngắn hạn. Hiện tại, khi thị trường điều chỉnh chúng tôi cho rằng nhiều mã, nhóm mã vẫn có vùng giá tương đối hợp lý so với các yếu tố cơ bản của doanh nghiệp. Tuy nhiên chúng tôi thận trọng đối với các vị thế giải ngân mới. Nhà đầu tư nên xem xét đánh giá kỹ danh mục ngắn hạn hiện có để cơ cấu. Các vị thể giải ngân chọn lọc cẩn trọng, phụ thuộc vào triển vọng tăng trưởng.
Nhà đầu tư duy trì tỉ trọng hợp lý. Mục tiêu đầu tư hướng tới các mã có nền tảng cơ bản tốt, đầu ngành trong các ngành chiến lược, tăng trưởng vượt trội của nền kinh tế"".
VN-Index có thể sẽ kiểm tra lại vùng hỗ trợ 1.290 – 1.295 điểm
(Công ty Chứng khoán Yuanta Việt Nam – YSVN)
“Chúng tôi cho rằng thị trường có thể sẽ tiếp tục đà giảm trong phiên kế tiếp và chỉ số VN-Index có thể sẽ kiểm tra lại vùng hỗ trợ 1.290 – 1.295 điểm. Đồng thời, chỉ số VN-Index giảm dưới đùng trung bình 20 phiên cho thấy rủi ro ngắn hạn gia tăng và nếu chỉ số VN-Index xuyên thủng vùng hỗ trợ 1.290 – 1.295 điểm thì thị trường có thể sớm bước vào giai đoạn biến động mạnh theo chiều hướng tiêu cực. Ngoài ra, chỉ báo tâm lý giảm mạnh và giảm về gần vùng bi quan.
Xu hướng ngắn hạn của thị trường chung hạ từ mức tăng xuống giảm.
Chiến lược ngắn hạn: Chúng tôi khuyến nghị các nhà đầu tư có thể tiếp tục bán để hạ tỷ trọng cổ phiếu về mức thấp và chưa nên mua vào thời điểm này”.
VN-Index có xác suất tìm kiếm điểm cân bằng ở quanh khu vực 1.300
(Công ty TNHH Chứng khoán Ngân hàng TMCP Ngoại thương Việt Nam - VCBS)
“VN-Index giảm điểm mạnh khi VIC, VHM giảm sàn, đóng cửa tại 1310.57, giảm 19.32 điểm, tương đương 1,45%.
Ở khung 1H, chỉ báo MACD và RSI đều hướng xuống, trong đó MACD vẫn chưa tạo đáy đầu tiên và RSI đi sâu vào vùng quá bán, thể hiện áp lực cung không nhỏ của thị trường và quán tính điều chỉnh sẽ tiếp diễn trong phiên tới.
Ở khung 1D, VN-Index tạo cây nến đỏ biên độ lớn với khối lượng giao dịch thấp, xuống dưới ngưỡng trung bình 20 ngày, cho thấy sự áp đảo của bên bán. Chỉ báo ADX < 25 và MACD đã tạo đỉnh đầu tiên, tiếp tục thể hiện sự suy yếu của đà tăng trong ngắn hạn.
Với lực cung chốt lời xuất hiện mạnh mẽ trên diện rộng sau khi chỉ số chung bứt phá chưa thành công tại kháng cự 1.350 và áp lực lớn từ các cổ phiếu vốn hóa lớn đã tăng mạnh trong thời gian qua, cùng sự thiếu hụt các thông tin tích cực hỗ trợ trên thị trường, VN-Index có xác suất tìm kiếm điểm cân bằng ở quanh khu vực 1.300.
Nhà đầu tư có thể tận dụng các nhịp hồi phục trong phiên tới để quản trị rủi ro danh mục và hiện thực hóa lợi nhuận với các cổ phiếu đã tăng mạnh thời gian qua, đồng thời, nâng cao sức mua để giải ngân khi thị trường có điểm cân bằng trở lại”.
VN-Index sẽ tiếp tục điều chỉnh về vùng 1.300 điểm trong ngày mai
(Công ty Cổ phần Chứng khoán VietCap - VCSC)
“Tiếp nối quán tính giảm điểm, chỉ số VN-Index sẽ tiếp tục điều chỉnh về vùng 1.300 điểm trong ngày mai với kháng cự ngắn hạn là đường MA20 (vùng 1.325 điểm). Các mốc hỗ trợ thấp hơn lần lượt là vùng 1.290 điểm và 1.270 điểm (MA200).
Áp lực rung lắc dự kiến vẫn chi phối diễn biến ngắn hạn
(Công ty Cổ phần Chứng khoán SSI – SSI)
“VN-Index duy trì quán tính thận trọng và lùi về dưới vùng MA20 tại 1.324 điểm. Xu hướng ngắn hạn trở nên suy yếu rõ nét hơn khi chỉ báo MACD tiếp tục hướng xuống.
Áp lực rung lắc dự kiến vẫn chi phối diễn biến ngắn hạn với vùng hỗ trợ tiếp theo được xác định quanh 1.270 – 1.280”.
Nhận định thị trường của các công ty chứng khoán được VnEconomy trích dẫn chỉ có giá trị như một nguồn thông tin tham khảo. Các công ty chứng khoán có thể có những xung đột lợi ích đối với các nhà đầu tư khi đưa ra nhận định."
4,2025-06-10,"Số liệu mua ròng trong tháng 5 mang tính chất cục bộ, khối ngoại giao dịch khá cân bằng?",https://vneconomy.vn/so-lieu-mua-rong-trong-thang-5-mang-tinh-chat-cuc-bo-khoi-ngoai-giao-dich-kha-can-bang.htm,"Số liệu thống kê từ SSI Research cho thấy, giá trị rút vốn ròng ghi nhận ở mức 282 tỷ đồng, tương đương 12,7% tổng tài sản quỹ trong tháng 5 vừa qua. Tổng tài sản các quỹ ETF hồi phục 10,3% so với tháng trước, nhưng giảm 17,9% so với cùng kỳ đạt 55 nghìn tỷ đồng.
Lũy kế từ đầu năm, giá trị rút vốn ròng ở mức 7.013 tỷ đồng, trong đó rút ròng 2 nghìn tỷ đồng đối với các quỹ ETF nội và -4,9 nghìn tỷ đồng đối với các quỹ ETF ngoại.
Về cơ cấu dòng vốn, trong tháng vừa qua, các quỹ ETF nội chứng khiến dòng vốn vào ròng sau 6 tháng rút ròng liên tiếp, đạt +159,2 tỷ đồng. Chủ yếu đến từ quỹ DCVFMVN Diamond (+335,4 tỷ đồng). Quỹ này đã có đợt dòng vốn vào mạnh mẽ trong tuần thứ 3 của tháng với trị giá 507 tỷ đồng.
Ngoài ra, Quỹ Kim Growth VNDiamond (+20,1 tỷ) cũng có dòng vốn vào ròng. Quỹ DC VFMVN30 (-122,4 tỷ) có dòng vốn rút ròng giảm bớt so với tháng trước. Dòng vốn vào Quỹ Kim Growth VN30 (-6,6 tỷ) đảo chiều rút ròng nhẹ.
Đối với các quỹ ETF ngoại, giá trị rút vốn ròng trong tháng 5 đã bớt căng thẳng hơn so với 2 tháng trước, ở mức – 420,8 tỷ đồng. Cụ thể, Quỹ Fubon (- 245 tỷ đồng), Xtrackers FTSE Vietnam Swap UCITS ETF (-215 tỷ đồng) tiếp tục ghi nhận rút ròng, nhưng Quỹ Fubon có giá trị rút vốn ròng thấp hơn đáng kể so với 2 tháng trước. Trong khi đó, Global X MSCI Vietnam ETF (+44,5 tỷ đồng) được vào ròng và Vaneck không có thay đổi về dòng vốn trong tháng qua.
Dòng tiền từ các quỹ chủ động đều ghi nhận rút ròng trong tháng 5. Các quỹ chủ động chỉ đầu tư vào Việt Nam và các quỹ đầu tư đa quốc gia, rút ròng lần lượt 1,3 nghìn tỷ đồng và 394 tỷ đồng. Trong 5 tháng năm 2025, các quỹ chủ động chỉ đầu tư vào Việt Nam đã rút gần 5 nghìn tỷ đồng.
Trái ngược với tháng trước, nhà đầu tư nước ngoài đảo chiều mua ròng trên thị trường chứng khoán Việt Nam, với giá trị mua ròng đạt 498 tỷ đồng riêng trong tháng 5, theo đó, giá trị bán ròng 5 tháng năm 2025 duy trì khoảng -41,6 nghìn tỷ đồng.
Nhà đầu tư chủ yếu tập trung bán ròng cổ phiếu ngành Thực phẩm & đồ uống, Hàng & Dịch vụ công nghiệp, bên cạnh Dầu khí và Bất động sản. Theo quan sát của SSI Research, số liệu mua ròng trong tháng 5 chỉ mang tính cục bộ, khối ngoại giao dịch khá cân bằng.
Trong bối cảnh chính sách thuế quan bất định, DXY giảm, triển vọng nền kinh tế thận trọng, dòng tiền giảm mạnh ở thị trường Hoa Kỳ và cho thấy sự lan tỏa sang các thị trường mới nổi. Riêng ở Việt Nam, đàm phán giữa Việt Nam – Hoa Kỳ có nhiều tín hiệu tích cực, các chính sách đẩy mạnh khu vực tư nhân của Chính phủ, cũng như kỳ vọng được nâng hạng thị trường chứng khoán trong cuộc họp sắp tới sẽ là động lực giúp dòng tiền từ nhà đầu tư nước ngoài có thể tiếp tục thu hẹp đà bán ròng trong thời gian tới.
Trong khi đó nhận định tích cực hơn, VnDirect cho rằng sau khi giảm mạnh trong tháng 4/2025 chỉ số Dollar index tiếp tục duy trì ở dưới 100 điểm trong tháng 5/2025. Chỉ số Dollar index suy yếu góp phần thúc đẩy dòng tiền của nhà đầu tư nước ngoài quay trở lại thị trường chứng khoán Việt Nam trong tháng 5/2025.
Trước kỳ vọng Cục dự trữ liên bang Mỹ (Fed) sẽ thực hiện 2 đợt cắt giảm lãi suất trong năm 2025 trong bối cảnh những tác động tiêu cực từ chính sách thương mại của tổng thống Trump khiến kinh tế Mỹ suy yếu, VnDirect dự báo chỉ số Dollar index sẽ tiếp tục duy trì ở mức thấp trong thời gian tới.
Bên cạnh đó cùng với kỳ vọng về tiến triển trong đàm phán thương mại Việt Nam-Hoa Kỳ và triển vọng nâng hạng thị trường chứng khoán sẽ thúc đẩy nhà đầu tư nước ngoài duy trì mua ròng trên thị trường chứng khoán Việt Nam trong thời gian còn lại của năm 2025."
5,2025-06-10,S&P 500 và giá dầu cùng tăng nhờ lạc quan về đàm phán thương mại Mỹ - Trung,https://vneconomy.vn/sp-500-va-gia-dau-cung-tang-nho-lac-quan-ve-dam-phan-thuong-mai-my-trung.htm,"Thị trường chứng khoán Mỹ kết thúc phiên giao dịch ngày thứ Hai (9/6) trong trạng thái không đồng nhất của các chỉ số, trong đó S&P 500 tăng nhẹ nhờ sự lạc quan thận trọng khi Mỹ và Trung Quốc bước vào vòng đàm phán thương mại tiếp theo. Giá dầu thô cũng nhích lên khi nhà đầu tư mong đợi hai nền kinh tế lớn nhất thế giới sớm đi đến một thỏa thuận có thể giúp cải thiện triển vọng nhu cầu tiêu thụ năng lượng.
Lúc đóng cửa, S&P 500 tăng 0,09%, đánh dấu phiên tăng thứ hai liên tiếp, đạt 6.005,88 điểm. Chỉ số Nasdaq tăng 0,31%, đạt 19.951,24 điểm. Riêng chỉ số Dow Jones giảm 1,11 điểm, còn 42.761,76 điểm.
Đúng như lịch trình được Tổng thống Donald Trump công bố vào hôm thứ Sáu, các quan chức cấp cao của Mỹ đã khởi động vòng đàm phán thương mại thứ hai với các đối tác Trung Quốc tại London, Anh vào ngày thứ Hai. Ba nhà đàm phán thương mại cấp cao nhất của Mỹ gồm Bộ trưởng Bộ Tài chính Scott Bessent, Bộ trưởng Bộ Thương mại Howard Lutnick và Đại diện Thương mại Mỹ Jamieson Greer đều tham dự phòng đàm phán này. Bên phía Trung Quốc, dẫn đầu phái đoàn là Phó thủ tướng Hà Lập Phong.
Trong một cuộc trao đổi với hãng tin CNBC ngày 9/6, Giám đốc Hội đồng Kinh tế Quốc gia Mỹ (NEC) Kevin Hasset nói rằng với vòng đàm phán này, Mỹ tìm kiếm một sự xác nhận rằng Trung Quốc sẽ nối lại hoạt động xuất khẩu các khoáng sản quan trọng.
“Mục đích của cuộc gặp ngày hôm nay là đảm bảo chắc chắn là họ nghiêm túc, để có những cái bắt tay và giải quyết xong vấn đề này”, ông Hassett nói. “Kỳ vọng của chúng tôi là ngay lập tức sau những cái bắt tay, bất kỳ hoạt động kiểm soát xuất khẩu nào từ phía Mỹ cũng sẽ được nới lỏng và dòng chảy đất hiếm từ Trung Quốc cũng được nối lại, và sau đó, chúng tôi có thể đi vào đàm phán những vấn đề nhỏ hơn”.
Theo dự kiến, cuộc đàm phán sẽ tiếp tục và buổi sáng ngày thứ Ba - nguồn thạo tin tiết lộ với CNBC. Cuộc gặp này diễn ra sau khi ông Trump và Chủ tịch Trung Quốc Tập Cận Bình có một cuộc điện đàm dài vào tuần trước. Hồi tháng 5, các nhà đàm phán cấp cao của hai nước đã có cuộc gặp ở Geneva, Thụy Sỹ và nhất trí tạm thời giảm thuế quan đối ứng cho nhau về 10% trong vòng 3 tháng trong lúc tiến hành đàm phán để đi đến một thỏa thuận cuối cùng.
Nhiều cổ phiếu chip tăng giá trong phiên ngày thứ Hai do kỳ vọng Mỹ có thể nới lỏng các biện pháp hạn chế xuất khẩu linh kiện bán dẫn sang Trung Quốc. Cổ phiếu Qualcomm tăng hơn 4%, một phần cũng nhờ công ty tuyên bố sẽ mua lại hãng chip Alphawave với giá 2,4 tỷ SÚD. Cổ phiếu AMD tăng 4,8%, Texas Instruments tăng 3,5% và Nvidia cũng tăng nhẹ.
Cổ phiếu hãng thương mại điện tử khổng lồ của Trung Quốc Alibaba tăng 1,8%.
“Các nhà đầu tư đã tiến hành những giao dịch dựa trên sự lạc quan trọng ngày hôm nay đối với các cổ phiếu Trung Quốc vốn hóa lớn và cổ phiếu chip Mỹ. Đây đều là những cổ phiếu hưởng lợi từ đàm phán thương mại Mỹ - Trung” - chiến lược gia trưởng Larry Tentarelli của công ty Blue Chip Daily Trend Report nhận định.
Trong khi đó, cổ phiếu Apple giảm 1,2% khi hãng tổ chức sự kiện Worldwide Developers Conference (WDC) 2025 dành cho các nhà phát triển phần mềm. Tại sự kiện, “táo khuyết” dã công bố thiết kế lại đầu tiên kể từ năm 2013 của hệ điều hành điện thoại iPhone.
Tuần này, tâm điểm chú ý của nhà đầu tư ở Phố Wall sẽ là cuộc đàm phán Mỹ - Trung, tiếp đến là số liệu lạm phát Mỹ. Theo dự kiến, báo cáo chỉ số giá tiêu dùng (CPI) tháng 5 sẽ được Bộ Lao động Mỹ công bố vào ngày thứ Tư. Đây sẽ là cơ sở để các nhà giao dịch xác định thuế quan đã có tác động như thế nào đến nền kinh tế Mỹ.
Tuần trước, cả ba chỉ số chứng khoán Mỹ cùng có tuần tăng điểm thứ hai liên tiếp. Trong đó, S&P 500 đóng cửa trên mức 6.000 điểm lần đầu tiên kể từ hôm 21/2.
Trên thị trường năng lượng, giá dầu thô Brent giao sau tại London tăng 0,44 USD/thùng, tương đương tăng 0,7%, đóng cửa ở mức 66,91 USD/thùng. Giá dầu WTI giao sau tại New York tăng 0,59 USD/thùng, tương đương tăng 0,9%, chốt ở 65,17 USD/thùng.
Giới đầu tư hy vọng rằng đàm phán thương mại Mỹ - Trung sẽ dẫn tới một thoat thuận và thỏa thuận đó sẽ giúp cải thiện triển vọng tăng trưởng kinh tế toàn cầu cũng như nhu cầu tiêu thụ năng lượng. Tuần trước, hy vọng này đã đưa giá dầu Brent tăng 4% và giá dầu WTI tăng 6,2%.
Phiên này, giá dầu còn được hỗ trợ bởi sự xuống giá của đồng USD, với chỉ số Dollar Index giảm 0,2%.
“Cuộc đàm phán giữa Mỹ và Trung Quốc về thuế quan đang làm suy giảm áp lực bán trên thị trường dầu”, một báo cáo của công ty tư vấn Ritterbusch and Associates nhận xét.
Những hy vọng về một thỏa thuận thương mại Mỹ - Trung đang giúp cân bằng lại áp lực giảm giá dầu do OPEC+ tăng sản lượng. OPEC+ là liên minh giữa Tổ chức Các nước xuất khẩu dầu lửa (OPEC) và một số thành viên ngoài khối gồm Nga.
Theo số liệu khảo sát được hãng tin Reuters công bố ngày 9/6, OPEC+ khai thác 26,75 triệu thùng dầu/ngày trong tháng 5, tăng 150.000 thùng/ngày so với tháng Tư, trong đó Saudi Arabia tăng nhiều nhất. Tuy nhiên, mức tăng sản lượng này ít hơn mức tăng 411.000 thùng/ngày mà OPEC+ đã dự định."
6,2025-06-10,"Lần 2, Novaland xin ý kiến trái chủ tái cấu trúc gói trái phiếu 1300 tỉ đồng",https://vneconomy.vn/lan-2-novaland-xin-y-kien-trai-chu-tai-cau-truc-goi-trai-phieu-1300-ti-dong.htm,"Công ty CP Tập đoàn đầu tư Địa ốc No Va (Novaland) vừa công bố nghị quyết HĐQT thông qua việc xin ý kiến các trái chủ của gói trái phiếu NVLB2123012 (mã chứng khoán NVL122001) về các vấn đề liên quan việc sửa đổi, bổ sung một số nội dung của văn kiện trái phiếu và thay đổi ngày đáo hạn của gói trái phiếu này.
Theo đó, tỷ lệ biểu quyết là 1:1 (trái chủ sở hữu 1 trái phiếu nhận được 1 quyền biểu quyết), thời gian thực hiện lấy ý kiến từ tháng 6 đến tháng 7/2025, theo hình thức bằng văn bản hoặc bỏ phiếu điện tử.
Trước đó, vào tháng 6/2023, HĐQT NVL cho biết người sở hữu trái phiếu NVLB2123012 đã thống nhất gia hạn thời gian đáo hạn của lô trái phiếu này từ ngày 20/7/2023 thành 20/7/2025, tương ứng lùi thêm 24 tháng. Lãi suất trái phiếu từ ngày 20/7/2023 đến 20/7/2025 được tính cố định là 11,5%/năm.
Theo thuyết minh trên BCTC hợp nhất quý 1/2023 cho biết, đây là khoản huy động bằng việc phát hành trái phiếu theo mệnh giá đồng Việt Nam do CTCP Chứng khoán Kỹ Thương thu xếp. Đây là trái phiếu không chuyển đổi, không kèm chứng quyền với mệnh giá 100.000 đồng/trái phiếu và có tổng mệnh giá phát hành thành công là 1.300 tỷ đồng. Trái phiếu có kỳ hạn 18 tháng, kể từ ngày phát hành, chịu mức lãi suất cho 4 kỳ tính tính lãi đầu tiên là 9,5% năm, sau đó được điều chỉnh bằng lãi suất tham chiếu cộng biên độ 3,28% năm. Trái phiếu này được đảm bảo bằng cổ phần của công ty sở hữu bởi các cổ đông và quyền tài sản phát sinh liên quan đến phân khu thuộc dự án tại Phan Thiết. Sau ngày lập bảng cân đối kế toán hợp nhất, Tập đoàn đang thảo luận để bổ sung tài sản đảm bảo và thay đổi kỳ hạn của trái phiếu này.
Bên cạnh đó, HĐQT thông qua việc công ty sử dụng dịch vụ môi giới chuyển nhượng tài sản tại công ty TNHH MTV Novaland Agent với mức phí môi giới dự kiến là không quá 2%/giá bán hai dự án thuộc Lucky Dragon với tổng giá trị đã bao gồm VAT là là hơn 2,7 tỷ đồng. Đồng thời, thông qua vệc công ty thực hiện khoản vay hơn 114 tỷ đồng từ Công ty TNHH Delta - Valley Bình Thuận, lãi suất 11%/năm nhằm bổ sung vốn lưu động.
Kết thúc quý 1/2025, NVL báo lỗ 476,3 tỷ đồng, giảm 124,45 tỷ so với mức lỗ hơn 600 tỷ hồi quý 1/2024. Nguyên nhân là do lợi nhuận từ hoạt động bán hàng và cung cấp dịch vụ tăng 456 tỷ đồng và lợi nhuận từ hoạt động tài chính và hoạt động khác giảm 379 tỷ đồng."
7,2025-06-10,"Tháng 5, giao dịch trên thị trường phái sinh giảm mạnh",https://vneconomy.vn/thang-5-giao-dich-tren-thi-truong-phai-sinh-giam-manh.htm,"Sở Giao dịch Chứng khoán Hà Nội (HNX) cho biết tháng 5/2025, giao dịch trên thị trường chứng khoán phái sinh giảm mạnh. Cụ thể: khối lượng giao dịch bình quân sản phẩm hợp đồng tương lai chỉ số VN30 đạt 184.904 hợp đồng/phiên, giảm 29,96%, tương ứng GTGD bình quân đạt 25.605 tỷ đồng/phiên (theo danh nghĩa hợp đồng), giảm 24,02% so với tháng trước.
Trong đó, phiên giao dịch ngày 26/05/2025 có khối lượng giao dịch lớn nhất tháng với 264.527 hợp đồng.
Về khối lượng hợp đồng mở (OI), tại phiên giao dịch cuối tháng, OI đạt 44.328 hợp đồng, tăng 17,56% so với tháng trước, trong đó, OI cao nhất tháng đạt 53.674 hợp đồng tại phiên giao dịch ngày 07/05/2025.
Theo cơ cấu nhà đầu tư, giao dịch tự doanh chứng khoán phái sinh của khối công ty chứng khoán chiếm 2,16% toàn thị trường, giảm nhẹ so với mức 2,43% trong tháng 4/2025 - trong khi đó, giao dịch của nhà đầu tư nước ngoài tăng với KLGD chiếm 3,64% tổng khối lượng giao dịch toàn thị trường."
8,2025-06-10,Phó Chủ tịch PDR đăng ký bán hết cổ phiếu trước khi họp đại hội cổ đông,https://vneconomy.vn/pho-chu-tich-pdr-dang-ky-ban-het-co-phieu-truoc-khi-hop-dai-hoi-co-dong.htm,"Nguyễn Tấn Danh thông báo giao dịch cổ phiếu của Người nội bộ Công ty Cổ phần Phát triển Bất động sản Phát Đạt (mã PDR-HOSE).
Theo đó, ông Nguyễn Tấn Danh - Phó Chủ tịch HĐQT PDR đăng ký thoái hết 3.397.652 cp PDR nắm giữ trong thời gian từ 12/06-11/07 với lý do giải quyết nhu cầu tài chính cá nhân.
Chốt phiên ngày 9/6, giá cổ phiếu PDR giảm 0,56% xuống mốc 17.700 đồng/cp, ước tính ông Danh có thể thu về gần 60 tỷ đồng nếu bán hết số cổ phiếu đăng ký.
Mới đây, PDR mới tái bổ nhiệm ông Bùi Quang Anh Vũ tiếp tục giữ chức Tổng giám đốc công ty với nhiệm ký 5 năm, kể từ ngày 28/4/2025.
Trước đó, vào đầu năm 2025, ông Bùi Quang Anh Vũ - Thành viên HĐQT kiêm Tổng Giám đốc PDR cũng đã bán hết 1.436.526 cổ phiếu đang nắm giữ, chiếm 0,16% vốn, nhằm giải quyết nhu cầu tài chính.
Một thành viên HĐQT khác của PDR là ông Lê Quang Phúc đã bán bớt 240.000 cp trong tháng 3/2025, hạ tỷ lệ sở hữu từ 0,11% xuống còn 0,08%.
Được biết, ngày 27/06 tới, công ty sẽ tổ chức ĐHĐCĐ thường niên 2025. Tại đây, HĐQT PDR dự kiến trình kế hoạch kinh doanh 2025 với tổng doanh thu đạt 3.300 tỷ đồng, lợi nhuận trước thuế đạt 901 tỷ đồng, lợi nhuận sau thuế đạt 728 tỷ đồng; chia cổ tức là 17% trong đó, 5% bằng tiền và 12% bằng cổ phiếu.
Bên cạnh đó, HĐQT thông qua phương án phát hành cổ phiếu ESOP 2025 với số lượng là 18 triệu cổ phiếu, chiếm 1,9% nhằm ghi nhận nỗ lực của các thành viên tham gia chương trình ESOP 2025 đã có những đóng góp vào hiệu quả đầu tư kinh doanh của công ty tỏng 3 năm qua (2022-2025) cho thành viên HĐQT (không bao gồm Chủ tịch và các thành viên độc lập HĐQT), Ban cố vấn, Ban Tổng giám đốc, các cấp quản lý và người lao động đã ký kết hợp đồng lao động.
Đồng thời,  công ty còn đề xuất phát hành 72.578.806 cổ phiếu để chi trả cổ tức cho cổ đông với tỷ lệ 8% (sở hữu 100 cp được nhận 08 cổ phiếu mới). Nguồn phát hành được lấp từ lợi nhuận sau thuế chưa phân phối của năm 2024 và của các năm trước lũy kế đến ngày 31/12/2024 theo BCTC năm 2024 đã kiểm toán. Thời gian thực hiện trong năm 2025. Đồng thời, thông qua việc tăng vốn điều lệ với số vốn điều lệ tăng thêm tùy thuộc vào số lượng phát hành thành công.
Đáng chú ý, HĐQT trình cổ đông thông qua việc hủy phương án phát hành cổ phiếu ESOP năm 2024 và hủy phương án phát hành cổ phiếu để trả cổ tức 2023.
Trước đó, HĐQT PDR thông báo thực hiện phát hành 34.095.000 cổ phiếu với giá 20.000 đồng/cổ phiếu để hoán đổi khoản nợ, nằm trong chiến lược tái cấu trúc tài chính và tăng cường hợp tác với nhà đầu tư nước ngoài.
Thời gian thực hiện hoán đổi và kết thúc đợt phát hành là ngày 16/4/2025. Toàn bộ số cổ phần này sẽ bị hạn chế chuyển nhượng trong vòng 1 năm kể từ ngày phát hành.
Đồng thời, giao cho ông Nguyễn Văn Đạt – Chủ tịch HĐQT được toàn quyền quyết định và triển khai các thủ tục liên quan, bao gồm việc báo cáo kết quả phát hành cho Ủy ban Chứng khoán Nhà nước, nộp hồ sơ niêm yết bổ sung tại HOSE và hoàn tất các công việc điều chỉnh vốn điều lệ theo kết quả phát hành.
Việc hoàn thành hoán đổi khoản nợ giúp Phát Đạt cơ cấu lại tài chính doanh nghiệp, giảm áp lực nợ vay và tăng cường mối quan hệ hợp tác chiến lược với nhà đầu tư nước ngoài.
Kết thúc quý 1/2025, công ty báo lãi sau thuế trên BCTC riêng tăng 15,4% từ 37,7 tỷ lên 43,57 tỷ đồng. Nguyên nhân là do trong quý 1 này công ty ghi nhận doanh thu đạt 437,9 tỷ, giá vốn là 262,9 tỷ, tăng mạnh so với cùng kỳ vì vậy lợi nhuận gộp tăng từ 161,2 tỷ lên 174,9 tỷ, tương ứng tăng 9%. Doanh thu tăng chủ yếu là từ doanh thu chuyển nhượng bất động sản Bắc Hà Thanh."
9,2025-06-10,"Thanh khoản bùng nổ trong tháng 5 nhưng VN-Index tăng không tương xứng, chuyên gia nói gì?",https://vneconomy.vn/thanh-khoan-bung-no-trong-thang-5-nhung-vn-index-tang-khong-tuong-xung-chuyen-gia-noi-gi.htm,"Số liệu thống kê cho thấy, giá trị giao dịch khớp lệnh bình quân trên HOSE đạt 19.883 tỷ đồng trong tháng vừa qua, tăng 36,7% so với trung bình 5 tháng. Tổng giá trị giao dịch bình quân phiên trên 3 sàn đạt 24.018 tỷ đồng trong tháng 5/2025. Tính riêng khớp lệnh, giá trị giao dịch bình quân phiên ở mức 21.672 tỷ đồng, giảm -6,9% so với tháng trước nhưng vẫn cao hơn 30,1% so với trung bình 5 tháng trước đó.
Những phiên thanh khoản lên tới 1 tỷ USD cũng không phải hiếm có song thị trường bùng nổ không quá dữ dội. Vn-Index lên sát mốc 1.350 điểm lại quay đầu về lình xình vùng giá 1.300 điểm.
Nhận định về xu hướng này trong Talk show Phố Tài chính, ông Ngô Thế Hiển, Phó Giám đốc Trung tâm Phân tích, Công ty CP Chứng khoán Sài Gòn – Hà Nội (SHS), nói: Đúng là thanh khoản thị trường một số tháng vừa qua có cải thiện hơn so với gia đoạn cuối năm 2024 tuy nhiên nếu nhìn kỹ hơn thì có thể thấy thanh khoản giảm so với cùng kỳ năm ngoái. Tính chung 5 tháng đầu năm, giá trị giao dịch toàn thị trường 5 tháng giảm 14% so với cùng kỳ năm 2024.
Trong 5 tháng qua, tháng 4 là tháng có thanh khoản tăng khá mạnh tuy nhiên điều này một phần đến từ sự điều chỉnh của thị trường chung do chịu tác động của thuế quan. Sau khi thị trường có nhịp giảm mạnh đưa giá nhiều cổ phiếu về mức thấp cùng với đó là những diễn biến đàm phán có sự tích cực đã thu hút được dòng tiền quay trở lại qua đó giúp cho VN-Index đã quay lại ngưỡng trước khi có sự kiện thuế quan xảy ra, thậm chí chỉ số VN30 còn vượt cao hơn so với giai đoạn đầu tháng 4/2025
Nếu chia theo mức độ vốn hóa, nhóm vốn hóa lớn đại diện là chỉ số VN30 vẫn là nhóm thu hút được nhiều tiền hơn cả, chiếm khoảng trên 50% giá trị giao dịch của toàn sàn HOSE. Tiếp theo là nhóm Midcap, trong khi đó dòng tiền vào nhóm các cổ phiếu có vốn hóa nhỏ khá thấp và thậm chí có sự sụt giảm trong hai tháng gần đây.
Điều đấy phản ánh phần nào tâm lý của nhà đầu tư sau một giai đoạn chiết khấu khá mạnh, nhà đầu tư quan tâm chủ yếu vào những nhóm cổ phiếu lớn, các cổ phiếu ít bị tác động bởi chính sách thuế quan.
Về mặt từng nhóm ngành cụ thể, theo dữ liệu của SHS, có ba nhóm ngành lớn đại diện thu hút dòng tiền trên thị trường chủ yếu vẫn thuộc nhóm ngành ngân hàng, bất động sản và nhóm ngành cổ phiếu dịch vụ tài chính.
Lý giải cho điều này có một số lý do sau: Đối với nhóm ngân hàng, giai đoạn quý 1 vừa rồi, kết quả tăng trưởng của nhóm này cũng vẫn duy trì được khá tốt.
Đối với nhóm bất động sản, kết quả kinh doanh quý 1 có sự đột biến so với cùng kỳ, đặc biệt là nhờ một số công ty có quy mô lớn. Thêm nữa, trong giai đoạn qua, Chính phủ cũng có nhiều chính sách để khai thông dòng vốn vào thị trường bất động sản như các chính sách liên quan đến tín dụng cho phát triển nhà ở xã hội, phát triển hạ tầng, đường cao tốc, sân bay bằng vốn đầu tư công….
Đối với nhóm cổ phiếu chứng khoán, việc đưa hệ thống KRX vào vận hành từ ngày 5/5 đã tháo gỡ một trong những nút thắt trên tiến trình nâng hạng, qua đó mở ra kỳ vọng FTSE có thể sớm nâng hạng thị trường chứng khoán Việt Nam lên thị trường Secondary Emerging vào tháng 9 tới đây. Bên cạnh đó, dòng tiền trong giai đoạn vừa qua cũng có sự phân hóa khá mạnh trong từng ngành, thậm chí tập trung khá lớn vào một số các nhóm cổ phiếu riêng.
Trong khi đó đối với dòng tiền khối ngoại, trong 5 tháng vừa rồi, diễn biến của dòng tiền khối ngoại không tích cực khi vẫn duy trì đà bán ròng trên thị trường Việt Nam và liên tiếp trong 4 tháng đầu năm. Riêng trong tháng 5, khối này có giai đoạn mua ròng đầu tháng nhưng cuối tháng 5 lại quay trở lại bán ròng. Đấy cũng là yếu tố làm cho nhà đầu tư quan ngại hơn.
Hiện tại, chỉ số VN-Index đã quay lại ngưỡng trước khi có thông tin thuế quan, trong khi tác động của thuế quan hiện tại vẫn chưa thực sự rõ ràng vì tất cả quốc gia trên thế giới cũng như Việt Nam đều đang tích cực đàm phán.
Theo công bố mới nhất của S&P, chỉ số PMI sản xuất toàn cầu trong tháng 5 đã có sự suy giảm liên tiếp trong hai tháng và đặc biệt ở các quốc gia đang phải gánh chịu thuế cao, ví dụ như Mexico, Canada, thậm chí PMI sản xuất tại Mỹ và Trung Quốc cũng đều suy giảm.
Bối cảnh vĩ mô chung toàn cầu kém tích cực như vậy có thể tác động không tốt đến nền kinh tế Việt Nam do độ mở của nền kinh tế chúng ta là khá cao. Tỷ giá trong giai đoạn vừa rồi cũng có biến động khá bất lợi. Nếu tính từ đầu năm đến nay, so với đồng đô la Mỹ đồng Việt Nam đã mất giá khoảng hơn 2% so với mức mất giá 5% của năm 2024, đó cũng là một yếu tố tác động đến dòng tiền.
""Trong ngắn hạn, thị trường nhiều khả năng tiếp tục tích lũy ở quanh vùng hiện tại, tất nhiên có thể có một số nhịp điều chỉnh tuy nhiên nhịp điều chỉnh sâu khoảng trên dưới 20% như sự kiện thuế quan thời điểm tháng 4 có lẽ sẽ khó xảy ra, mà sẽ là các nhịp điều chỉnh ngắn và nhẹ hơn. Dự báo thị trường sẽ tích lũy ở vùng giá hiện tại để tiếp tục chờ thêm các yếu tố mới cũng như kết quả đàm phán thuế của Việt Nam với Mỹ"", ông Hiển nhấn mạnh."
10,2025-06-10,Xuất khẩu của Trung Quốc sang Mỹ giảm chóng mặt,https://vneconomy.vn/xuat-khau-cua-trung-quoc-sang-my-giam-chong-mat.htm,"Cùng với đó, giảm phát giá hàng hóa tại cổng nhà máy ở Trung Quốc trở nên trầm trọng nhất trong 2 năm trở lại đây, phản ánh áp lực đối với nền kinh tế lớn thứ hai thế giới cả từ bên trong lẫn bên ngoài.
Số liệu do Tổng cục Hải quan Trung Quốc công bố ngày 9/6 cho thấy kim ngạch xuất khẩu của nước này trong tháng 5 tăng 4,8% so với cùng kỳ năm ngoái, giảm tốc từ mức tăng 8,1% trong tháng 4 và thấp hơn mức dự báo tăng 5% mà các nhà kinh tế đưa ra trong một cuộc khảo sát của hãng tin Reuters. Sự giảm tốc này diễn ra dù trong tháng 5, Mỹ và Trung Quốc đã đạt thỏa thuận hòa hoãn thuế quan, giảm thuế đối ứng cho nhau trong vòng 90 ngày.
Riêng kim ngạch xuất khẩu của Trung Quốc sang Mỹ giảm 34,5% trong tháng 5 so với cùng kỳ năm ngoái, đánh dấu tháng giảm mạnh nhất kể từ tháng 2/2020, thời điểm Covid-19 gây đảo lộn hoạt động thương mại toàn cầu.
“Có vẻ như số liệu tháng 5 tiếp tục đương đầu áp lực giảm đến từ giai đoạn đỉnh điểm của thuế quan”, nhà kinh tế trưởng về Trung Quốc của ngân hàng ING, bà Lynn Song, nhận xét với hãng tin Reuters. Bà Song cũng cho rằng trong tháng 5, doanh nghiệp Trung Quốc vẫn đẩy nhanh các lô hàng xuất khẩu để phòng ngừa rủi ro thuế quan, và nỗ lực xuất khẩu nhiều hơn sang các thị trường ngoài Mỹ cũng là một yếu tố hỗ trợ tăng trưởng xuất khẩu của nước này trong tháng.
Trước khi đạt thỏa thuận “đình chiến” ở Geneva, Mỹ đã áp thuế quan 145% lên hàng hóa Trung Quốc và Trung Quốc áp thuế quan 125% lên hàng Mỹ. Sau khi đạt thỏa thuận, hai bên giảm thuế đối ứng cho nhau về 10%, nhưng Mỹ vẫn duy trì thêm mức thuế quan 20% đối với Trung Quốc liên quan tới vấn đề chất fentanyl.
Cũng theo số liệu chính thức công bố ngày 9/6, nhập khẩu của Trung Quốc trong tháng 5 giảm 3,4% so với cùng kỳ năm ngoái, sâu hơn mức giảm 0,2% trong tháng 4 và cũng sâu hơn mức dự báo giảm 0,9% đưa ra trong cuộc khảo sát của Reuters.
Trong tháng 3 và tháng 4, Trung Quốc ghi nhận tốc độ tăng trưởng xuất khẩu mạnh mẽ, đạt tương ứng 12,4% và 8,1%, do các nhà máy đẩy nhanh các lô hàng xuất sang Mỹ trước khi thuế quan mới có hiệu lực. Việc xuất khẩu của Trung Quốc giảm tốc mạnh trong tháng 5 dù có thỏa thuận hòa hoãn cho thấy căng thẳng giữa Bắc Kinh và Washington còn nóng, và mức thuế quan thực tế mà Mỹ áp đối với hàng Trung Quốc là khoảng 40% vẫn là một rào cản lớn.
Nhập khẩu của Trung Quốc từ Mỹ trong tháng 5 tiếp tục giảm mạnh, với mức giảm 18,1%, sâu hơn mức giảm 13,8% của tháng 4.
Trao đổi với Reuters, nhà kinh tế Zichung Huang của công ty Capital Economics dự báo xu hướng suy giảm tăng trưởng xuất khẩu của Trung Quốc sẽ “đảo ngược một phần trong tháng này” do sự hòa hoãn thuế quan sẽ có tác dụng tích cực hơn so với trong tháng trước. Tuy nhiên, bà Huang cũng cảnh báo rằng xuất khẩu của Trung Quốc có thể tiếp tục sụt tốc trong những tháng tới do mức thuế quan còn cao.
Xuất khẩu đất hiếm của Trung Quốc tăng mạnh trong tháng 5 mặc dù lệnh hạn chế xuất khẩu một số loại sản phẩm đất hiếm của Bắc Kinh khiến một số nhà máy trên toàn chuỗi cung ứng ô tô toàn cầu phải đóng cửa. Dữ liệu mới nhất không đưa ra con số cụ thể đối với 17 nguyên tố đất hiếm và các sản phẩm liên quan, trong đó có những loại đất hiếm không bị Trung Quốc áp hạn chế. Số liệu cụ thể hơn sẽ được công bố vào ngày 20/6.
Dù xuất khẩu giảm tốc, thặng dư thương mại tháng 5 của Trung Quốc đạt 103,22 tỷ USD, tăng so với mức 96,18 tỷ USD của tháng 4.
Cùng ngày 9/6, Tổng cục Thống kê Trung Quốc (NBS) công bố số liệu lạm phát tháng 5, gồm chỉ số giá tiêu dùng (CPI) và chỉ số giá nhà sản xuất (PPI).
Trong đó, chỉ số PPI tháng 5 giảm 3,3% so với cùng kỳ năm ngoái, sâu hơn mức giảm 2,7% của tháng 4 và là mức giảm sâu nhất trong 22 tháng. Cùng với đó, chỉ số CPI giảm 0,1% so với cùng kỳ năm ngoái.
Những dữ liệu này cho thấy Trung Quốc đang đối mặt với nhu cầu yếu cả ở trong và ngoài nước. Hai động lực tăng trưởng chính của nền kinh tế của nước này đều đang gặp khó, với lĩnh vực bất động sản tiếp tục chìm trong khủng hoảng và xuất khẩu vướng cuộc chiến thương mại. Thời gian qua, Chính phủ Trung Quốc đã đẩy mạnh nỗ lực kích thích tiêu dùng trong nước để cứu tăng trưởng kinh tế nhưng chưa mang lại nhiều kết quả.
Chỉ số CPI lõi, thước đo không bao gồm giá của hai nhóm hàng hóa có nhiều biến động là thực phẩm và năng lượng, tăng 0,6% trong tháng 5 so với cùng kỳ năm ngoái, cao hơn so với mức tăng 0,5% của tháng 4. Tuy nhiên, bà Huang cho rằng sự cải thiện này là “mong manh”, và dự báo “tình trạng dư thừa công suất dai dẳng sẽ khiến Trung Quốc tiếp tục ở trong tình trạng giảm phát trong năm nay và năm tới”."
11,2025-06-10,"SGI Capital: VN-Index có thể lên 1.500 điểm trong năm nay, thậm chí lập đỉnh lịch sử nếu được nâng hạng",https://vneconomy.vn/sgi-capital-vn-index-co-the-len-1-500-diem-trong-nam-nay-tham-chi-lap-dinh-lich-su-neu-duoc-nang-hang.htm,"Thị trường chứng khoán toàn cầu tháng 5/2025 có sự đồng pha: S&P 500 tăng 6,15%, Stoxx 50 tăng 4% trong khi tại Châu Á, chỉ có Thái Lam giảm 4,02%. Thị trường chứng khoán Nhật Bản, Hàn Quốc, Trung Quốc, và Ấn Độ lần lượt tăng 5,33%, 5,52%, 2,09%, 1,71%. Thị trường chứng khoán Việt Nam có mức tăng ấn tượng 8,67%.
Cập nhật về triển vọng thị trường chứng khoán toàn cầu, SGI Capital cho rằng thị trường tài chính toàn cầu ngày càng ít nhạy với các tin tức thuế quan với quan điểm chung mức thuế cuối cùng sẽ vừa phải, trong khả năng chịu đựng quanh 10%-20% và không làm trật ray các nền kinh tế lớn.
Dù vậy, FED vẫn thận trọng chờ đợi mức thuế quan cuối cùng để đánh giá tác động lên lạm phát, vốn đang hạ về gần hơn tới mục tiêu. Đây là thế khó của FED khi thất nghiệp vẫn ở vùng thấp, trong khi lạm phát tiềm ẩn khả năng tăng trở lại khi thuế quan được áp dụng.
Thị trường đang kỳ vọng FED sẽ giảm lãi suất hai lần trong năm nay, lần đầu sẽ vào tháng 09/2025. Một trong những điểm đáng chú ý là các tổ chức lớn tại Mỹ đều dự báo USD bước vào chu kỳ giảm giá khi bước vào chu kỳ FED cắt giảm lãi suất và tăng trưởng kinh tế Mỹ chậm lại. Việc USD giảm giá luôn tạo ra một xu thế nới lỏng của tài chính toàn cầu với dòng tiền lan tỏa các quốc gia có mức tăng trưởng nhanh hơn Mỹ, đặc biệt là các quốc gia mới nổi.
Thị trường chứng khoán Mỹ hồi phục nhờ thanh khoản dồi dào của doanh nghiệp lớn hỗ trợ các đợt mua lại cổ phiếu quỹ ở mức kỷ lục, các nhà đầu tư cá nhân cũng tham gia bắt đáy mạnh mẽ và tăng trưởng lợi nhuận đang dần cải thiện. Mặc dù định giá thị trường Mỹ ở vùng đắt, nhưng tổng hòa các điều kiện thuận lợi trên đang chỉ ra thị trường chứng khoán Mỹ có thể điều chỉnh và đi trong biên tích lũy trong thời gian chờ FED hạ lãi suất.
Trong khi đó, định giá các thị trường ngoài Mỹ, đặc biệt là EM đang ở mức hấp dẫn hơn nhiều. Châu Âu, Trung Quốc, và Hàn Quốc liên tục hạ lãi suất kích thích nền kinh tế khi lạm phát đã ở vùng thấp. Mặc dù vậy, đồng USD vẫn liên tục yếu đi kể từ đầu năm so với phần lớn đồng tiền lớn và các quốc gia châu Á, trừ Việt Nam.
Các nhà đầu tư toàn cầu đang nhận thấy kinh tế Mỹ sẽ tăng trưởng chậm trong bối cảnh thắt chặt chi tiêu chính phủ và môi trường tiền tệ không hỗ trợ, trong khi nhiều quốc gia khác đang có cả hai. Kinh tế Trung Quốc cho thấy nhiều dấu hiệu sự hồi phục lan tỏa từ cú hích công nghệ Deepseek. Thị trường bất động sản dần ổn định và việc đàm phán về thuế quan với Mỹ có tiến triển khi Mỹ vừa gia hạn hoãn thuế tới 31/08/2025.
Theo SGI Capital, chúng ta có thể chứng kiến trong nửa cuối năm nay một đồng USD yếu với nền kinh tế Mỹ tăng trưởng chậm lại và FED bắt đầu một giai đoạn cắt giảm lãi suất mới. Trong điều kiện kinh tế Mỹ không đi nhanh vào suy thoái, thị trường chứng khoán toàn cầu và đặc biệt là các nước EM có thể chứng kiến dòng tiền đầu tư quay trở lại tìm kiếm cơ hội đầu tư sau khi bị rút ròng 3-4 năm gần đây.
Ở trong nước, Chính phủ tiếp tục đàm phán để chốt mức thuế quan tốt nhất trong tháng 06/2025 và SGI Capital kỳ vọng mức thuế quan trung bình trong mức 15% – 20%, với mức thuận lợi cho doanh nghiệp sản xuất có nguồn gốc xuất xứ tại Việt Nam.
Hiệu ứng tác động của thuế quan sẽ không còn quá lớn lên thị trường tài chính. Một bộ phận nhà đầu tư cả trong và ngoài nước đang chờ đợi kết quả cuối cùng để có cơ sở rõ ràng hơn cho việc xác định các cơ hội và thực hiện giải ngân.
SBV tiếp tục chủ động điều hành tỷ giá, cẩn trọng dự phòng cho tình huống mức thuế quan không thuận lợi. Tỷ giá VND mất giá 2,2% tính từ đầu năm trong khi phần lớn đồng tiền các quốc gia Đông Nam Á đều lên giá quanh 5% mang tới lợi thế cạnh tranh cho hàng xuất khẩu Việt Nam.
Với diễn biến của USD Index, SGI Capital vẫn duy trì quan điểm rằng áp lực với tỷ giá của Việt Nam sẽ không quá lớn trong nửa cuối năm, đặc biệt là sau khi chốt mức thuế quan vào Mỹ. Lãi suất trái phiếu chính phủ nhích nhẹ so với đầu năm phần lớn chịu tác động của trái phiếu chính phủ Mỹ và nhu cầu giải ngân đầu tư công. Trong khi đó, SBV tiếp tục bơm thanh khoản và lãi suất liên ngân hàng đang giảm về vùng thấp nhất của năm, thể hiện sự dồi dào thanh khoản của hệ thống ngân hàng, phục vụ cho mục tiêu tăng trưởng tín dụng và GDP năm nay.
Sau khi Mỹ công bố mức thuế quan đối ứng vào 02/04/2025, các dự án đăng ký mới, giải ngân FDI tại Việt Nam chưa thấy sự sụt giảm lớn. Trong khi đó, giải ngân đầu tư công có chiều hướng tích cực hơn. Nhờ đó, PMI của Việt Nam trong tháng 05/2025 cũng bớt suy giảm khi tiến sát mốc 50. Doanh số bán lẻ và sản xuất công nghiệp đang trong xu hướng cải thiện.
Sau Nghị quyết 68, Chính phủ vẫn đang nhanh chóng đưa ra nhiều chính sách, thực hiện nhiều biện pháp tạo môi trường thuận lợi thúc đẩy doanh nghiệp tư nhân phát triển. Nhiều doanh nghiệp niêm yết đã sẵn sàng nắm bắt thời cơ vươn mình, bước vào kỷ nguyên mới.
Theo Fiinpro, lợi nhuận sau thuế toàn thị trường 2025 dự kiến khoảng 14%, riêng nhóm doanh nghiệp tài chính sẽ có mức tăng trưởng 17%. Kế hoạch kinh doanh này đã dựa trên sự thận trọng hợp lý tác động của thuế quan. Điểm tích cực là tăng trưởng lợi nhuận doanh nghiệp đang dựa nhiều hơn vào thị trường trong nước.
Như vậy, mức định giá hiện tại vẫn nằm trong vùng rẻ và còn nhiều dư địa tăng. Với đà tăng trưởng lợi nhuận 10-15%/năm và định giá P/E và P/B tiếp tục ở mức thấp như hiện nay, VN-Index vẫn hoàn toàn có thể lên lại vùng đỉnh 1500 trong 2026.
Nếu khối ngoại quay trở lại mua ròng hoặc Việt Nam được nâng hạng, mức định giá và điểm số của toàn thị trường sẽ được nâng lên những đỉnh cao mới. Tháng 5 vừa qua là lần đầu nhà đầu tư nước ngoài mua ròng sau 15 tháng ròng rã bán kỷ lục. Tuy nhiên, nhìn chung khối ngoại vẫn tiếp tục thận trọng khi mức thuế quan cuối cùng chưa ngã ngũ.
SGI Capital kỳ vọng việc chốt được mức thuế quan hợp lý trong khoảng 15%-20% sẽ mở đường cho dòng tiền ngoại quay trở lại khi rủi ro tỷ giá giảm hẳn. Sự thận trọng sẽ gia tăng trong tháng 6 khi gần hơn với thời hạn chót của đàm phán thuế quan và thị trường đã có một đợt hồi phục mạnh. Do vậy, trong ngắn hạn, thị trường nhiều khả năng tích lũy và phân hóa theo từng câu chuyện riêng của doanh nghiệp."
12,2025-06-09,"Tháng 5, huy động được 18.049 tỷ đồng trái phiếu Chính phủ qua đấu thầu",https://vneconomy.vn/thang-5-huy-dong-duoc-18-049-ty-dong-trai-phieu-chinh-phu-qua-dau-thau.htm,"Sở Giao dịch Chứng khoán Hà Nội (HNX) cho biết tháng 5/2025, HNX tổ chức 17 đợt đấu thầu TPCP do KBNN phát hành, huy động được 18.049,5 tỷ đồng. Lũy kế 5 tháng đầu năm 2025, KBNN đã huy động được 170.917 tỷ đồng qua đấu thầu TPCP, đạt 34,2% kế hoạch năm 2025.
Trái phiếu phát hành trong tháng 5 có các kỳ hạn 5, 10, 15 và 30 năm, trong đó chủ yếu là kỳ hạn 10 năm, với tỷ trọng phát hành là 83,8%, tương đương 15.131 tỷ đồng. Đáng chú ý, tại phiên đấu thầu cuối cùng của tháng, lãi suất trúng thầu của các kỳ hạn 5, 10, 15 và 30 năm lần lượt là 2,41%, 3,08%, 3,20% và 3,30%, tăng lần lượt 10, 3, 10 và 2 điểm cơ bản so với phiên trúng thầu cuối tháng 4.
Trên thị trường thứ cấp, giá trị niêm yết TPCP tại thời điểm 30/5/2025 đạt 2.367.448 tỷ đồng. Giá trị giao dịch bình quân phiên tháng 5 đạt 13.917 tỷ đồng/phiên, tăng 11,22% so với tháng trước. Trong đó, giá trị giao dịch Outright chiếm 69,63%, giá trị giao dịch Repos chiếm 30,37% tổng giá trị giao dịch toàn thị trường. Giao dịch của nhà đầu tư nước ngoài chiếm 3,26% tổng giá trị giao dịch toàn thị trường, trong đó NĐTNN mua ròng 284 tỷ đồng.
Lợi suất giao dịch của TPCP tăng nhiều nhất ở kỳ hạn 25-30 năm và 3 năm, hiện đang đạt mức lợi suất bình quân tương ứng khoảng 3,547%; và 2,274%; và giảm nhiều nhất ở kỳ hạn 3-5 năm và 5-7 năm, hiện đang đạt mức lợi suất bình quân tương ứng khoảng 2,4829% và 2,6155%.
Các kỳ hạn trung và dài hạn được giao dịch nhiều nhất toàn thị trường trong tháng 5, trong đó các kỳ hạn 10 năm, 5 năm và 10-15 năm được giao dịch lớn nhất với tỷ trọng so với tổng giá trị giao dịch toàn thị trường tương ứng là 30,90%; 14,36% và 14,02%.
Khối NHTM tiếp tục giữ ưu thế về thị phần giao dịch trên thị trường TPCP, với tỷ trọng giá trị giao dịch Outright và Repos so với toàn thị trường tương ứng là 49,81% và 84,52%."
13,2025-06-09,"Cá nhân và khối ngoại thận trọng bán ra, tự doanh tranh thủ gom hàng",https://vneconomy.vn/ca-nhan-va-khoi-ngoai-than-trong-ban-ra-tu-doanh-tranh-thu-gom-hang.htm,"Kết thúc phiên giao dịch ngày 09/06/2025, chỉ số Vn-Index giảm 1,45%, đóng cửa ở mức 1.310,57 điểm với giá trị giao dịch khớp lệnh đạt 16.404,1 tỷ đồng, giảm 19,3% và chiếm 92,0% tổng giá trị giao dịch.
Tổng giá trị giao dịch trên 3 sàn đạt 19,835.0 tỷ đồng, giảm 27.5% so với phiên liền trước. Trong đó, giá trị giao dịch khớp lệnh đạt 18,304.9 tỷ đồng, giảm -20.7% so với phiên liền trước, giảm -19.2% so với trung bình 5 phiên và giảm -20.6% so với trung bình 20 phiên.
Xét theo ngành, thanh khoản giảm trên diện rộng, ngoại trừ Bán lẻ, Kho bãi, hậu cần & bảo dưỡng, Thực phẩm, Vật liệu xây dựng, Hàng không, Chuyển phát nhanh. Về biến động giá, Bán lẻ, Công nghệ thông tin, Thép, Chuyển phát nhanh tăng điểm trong khi các ngành còn lại hầu hết đều giảm so với phiên thứ 6 tuần trước.
Nhà đầu tư nước ngoài bán ròng 339.0 tỷ đồng, tính riêng giao dịch khớp lệnh thì họ bán ròng 323.8 tỷ đồng. Mua ròng khớp lệnh chính của nước ngoài là nhóm Tài nguyên Cơ bản, Công nghệ Thông tin. Top mua ròng khớp lệnh của nước ngoài gồm các mã: GEX, HPG, VHM, EIB, BAF, VRE, FPT, VIX, CII, VCG.
Phía bên bán ròng khớp lệnh của nước ngoài là nhóm Dịch vụ tài chính. Top bán ròng khớp lệnh của nước ngoài gồm các mã: SHB, HAH, VCI, PVD, DIG, DGC, POW, VJC, HDB.
Nhà đầu tư cá nhân bán ròng 342.5 tỷ đồng, trong đó họ bán rồng khớp lệnh là 391.9 tỷ đồng. Tính riêng giao dịch khớp lệnh, họ mua ròng 3/18 ngành, chủ yếu là ngành Thực phẩm và đồ uống. Top mua ròng của nhà đầu tư cá nhân tập trung gồm: MSN, CII, EVF, PVD, VTP, VIX, GEE, MBB, POW, SSI.
Phía bán ròng khớp lệnh: họ bán ròng 15/18 ngành chủ yếu là nhóm ngành Hàng & Dịch vụ Công nghiệp, Ngân hàng. Top bản ròng có: GEX, HPG, EIB, VND, GMD, STB, VPB, VRE, DXG.
Tự doanh mua ròng 809.2 tỷ đồng tính riêng khớp lệnh họ mua ròng 785.1 tỷ đồng. Tính riêng giao dịch khớp lệnh: Tự doanh mua ròng 15/18 ngành. Nhóm mua ròng mạnh nhất là Ngân hàng, Bất động sản. Top mua ròng khớp lệnh của tự doanh phiên ngày hôm nay gồm HPG, TCB, VIC, MWG, STB, MBB, GEX, FPT, DGW, VNM.
Top bán ròng là nhóm Hàng cá nhân & Gia dụng. Top cổ phiếu bán ròng gồm VCI, HHV, VGC, DPM, E1VFVN30, VTP, HAH, GEE, PNJ, FUETCC50.
Nhà đầu tư tố chức trong nước bán ròng 120.5 tỷ đồng, tính riêng khớp lệnh thì họ bán ròng 69.5 tỷ đồng. Tính riêng giao dịch khớp lệnh: Tố chức trong nước bán ròng 8/18 ngành, giá trị lớn nhất là nhóm Thực phẩm và đồ uống, Top bán ròng có HPG, MSN, VHM, MBB, VIX, TCB, VIC, CHI, MWG, SSI.
Giá trị mua ròng lớn nhất là nhóm Hàng & Dịch vụ Công nghiệp. Top mua ròng có HAH, VCI, SHB, DIG, NVL, VND, GMD, PVD, DGC, VSC.
Giá trị giao dịch thỏa thuận hôm nay đạt 1.530,1 tỷ đồng, giảm -64,2% so với phiên liền trước và đóng góp 7,7% tổng giá trị giao dịch.
Hôm nay có giao dịch đáng chú ý tại Cá nhân trong nước và Tổ chức trong nước ở loạt cổ phiếu: Ngân hàng (SHB, MSB, STB), FPT, VJC, SJS, MWG, NKG, STK Ngoài ra, Tố chức trong nước sang tay nhau ở VPB, BWE.
Tỷ trọng phân bổ dòng tiền tăng ở Bất động sản, Ngân hàng, Bán lẻ, Thực phẩm, Hóa chất, Nuôi trồng nông & hải sản, Kho bãi, Vật liệu xây dựng, Hàng không trong khi giảm ở Chứng khoán, Thép, Công nghệ thông tin, Xây dựng, Dầu khí, Thiết bị điện, Hàng may mặc.
Tính riêng khớp lệnh, tỷ trọng phân bổ dòng tiền tăng ở nhóm vốn hóa nhỏ VNSML, trong khi giảm ở nhóm vốn hóa lớn VN30 và vừa VNMID."
14,2025-06-09,"Dòng tiền thận trọng, thanh khoản xuống thấp nhất 21 phiên, khối ngoại bán ròng hơn 500 tỷ",https://vneconomy.vn/dong-tien-than-trong-thanh-khoan-xuong-thap-nhat-21-phien-khoi-ngoai-ban-rong-hon-500-ty.htm,"Lực cầu suy yếu nghiêm trọng trong phiên sáng đầu tuần khiến sắc đỏ lan tràn và thanh khoản sụt giảm đột ngột. VN-Index đã lùi xuống sát mốc 1320 điểm dưới ảnh hưởng nặng nề của hai trụ lớn là VIC và VHM.
Tín hiệu của nhịp điều chỉnh đang ngày càng rõ khi thị trường có phiên sụt giảm thứ 4 liên tiếp sau khi đột phá thất bại tại mốc 1340 điểm. Mặc dù tốc độ giao dịch khá chậm nhưng hiệu ứng này chủ đạo đến từ hiện tượng “co lại” của dòng tiền mua. Nhà đầu tư đang thể hiện tâm lý thận trọng cao độ.
Tổng giá trị khớp lệnh sàn HoSE sáng nay chỉ đạt gần 6.638 tỷ đồng, giảm tới 29% so với phiên sáng thứ Sáu tuần trước. Nếu tính cả HNX, tổng thanh khoản giảm 30%. Đây là mức sụt giảm giao dịch đột biến.
VN-Index điều chỉnh thấp nhất đã xuống mức 1321,54 điểm, giảm 0,63% (-8,4 điểm). Khoảng 30 phút cuối thị trường giằng co đi ngang nhưng mức phục hồi cũng rất yếu. Chốt phiên sáng chỉ số vẫn giảm 6,72 điểm tương đương -0,51%.
Tác động lớn nhất lên chỉ số này vẫn là cặp đôi VIC và VHM. Cả hai trụ này đỏ trọn phiên, với VIC đang giảm 1,65% và VHM giảm 1,97%, lấy đi 2,9 điểm. Với VN30-Index, hai cổ phiếu này làm mất 4,8 điểm trong tổng giảm 8,59 điểm (-0,61%). Dù vậy cũng không thể đổ lỗi cho duy nhất hai trụ này. Nhóm VN30 kết phiên chỉ còn 7 mã tăng/19 mã giảm, trong đó 7 mã giảm quá 1%.
Điều còn may mắn là trong 10 cổ phiếu vốn hóa lớn nhất thị trường vẫn còn FPT tăng nhẹ 0,35%, MBB tăng 0,21% và HPG tăng 0,19%. Trong 7 mã đỏ còn lại thì trừ VIC và VHM, đều giảm không nhiều. Tuy vậy tình hình cũng không mấy khả quan khi các trụ đều đang trượt giảm dần, chỉ là biên độ chưa mạnh. VCB ban đầu vẫn xanh và mức giảm trong phiên sáng khoảng 0,71% so với đỉnh đầu ngày. GAS trượt  giảm tới 0,94%, CTG lùi 0,78%, TCB để mất 1,15%... Lúc tốt nhất độ rộng rổ VN30 có tới 22 mã tăng. Thanh khoản rổ này cũng đang giảm 35%. Như vậy diễn biến trượt giá đến từ lực cầu quá kém.
Thực ra đây cũng là trạng thái chung của thị trường sáng nay, khi nhà đầu tư bắt đầu ngần ngại giải ngân sau những phiên vượt đỉnh thất bại. Trọn phiên sáng độ rộng sàn HoSE nghiêng hẳn về phía giảm và hiện chỉ có 91 mã tăng/195 mã giảm. Trong số giảm đang có 90 cổ phiếu rớt giá hơn 1% và chiếm 25,2% tổng giá trị khớp lệnh của sàn. Thanh khoản thấp, biên độ giảm rộng thì chỉ có thể là do thiếu cầu đỡ.
Hai blue-chips xuất hiện thanh khoản cao nổi bật và giá giảm sâu là SHB giảm 1,14% với 329,5 tỷ đồng và VHM giảm 1,97% với 155,8 tỷ. Cổ phiếu duy nhất không phải blue-chips có áp lực bán lớn là CII với 118,1 tỷ đồng, giá giảm 1,01%. Các cổ phiếu vừa và nhỏ giảm giá mạnh hơn là VPI giảm 2,06%, EVF giảm 1,85%, HAH giảm 3,16%, KBC giảm 1,18%, PVD giảm 1,28%, GMD giảm 2,09%, VSC giảm 1,98%. Các cổ phiếu này đều thanh khoản từ 40 tỷ đến dưới 100 tỷ đồng.
Ở phía tăng giá, rất ít cổ phiếu thực sự được dòng tiền mạnh đẩy đi ngược chiều. Tuy nhóm xanh cũng có hơn 30 mã tăng trên 1% nhưng giao dịch chỉ tụ lại ở khoảng 15 mã đạt thanh khoản từ 10 tỷ trở lên. Nhóm 10 cổ phiếu hàng đầu là NVL tăng 2,1% khớp 282,5 tỷ; DBC tăng 2,85% khớp 244,7 tỷ; DIG tăng 1,67% với 224,1 tỷ; FRT tăng 3,33% với 78,8 tỷ; HDC tăng 1,59% với 72 tỷ; KHG tăng 2,08% với 42,9 tỷ; DGW tăng 3,56% với 41,8 tỷ; TCH tăng 1,01% với 36,8 tỷ; HHS tăng 1,32% với 32,8 tỷ và HVN tăng 2,87% với 32,1 tỷ.
Sự co cụm của dòng tiền tiếp tục khiến cơ hội lựa chọn được cổ phiếu mạnh còn rất ít. Trong bối cảnh tổng thể sức mua suy yếu sáng nay, những cổ phiếu còn có giao dịch mạnh và giá tăng tốt càng trở nên nổi bật. Dù vậy không phải nhà đầu tư nào cũng đang sở hữu những cổ phiếu như vậy và tỷ trọng dòng tiền phân bổ ở nhóm này cũng rất thấp so với tổng thể.
Nhà đầu tư nước ngoài đang bán ròng tổng hợp hơn 500 tỷ đồng trên cả 3 sàn, trong đó HoSE bị rút đi 474 tỷ đồng. Đây là mức bán ròng cao nhất trong 6 phiên sáng. Thực ra khối này không tăng đột biến quy mô bán ra mà mức bán ròng tăng do giảm mua. Cụ thể, khối này chỉ giải ngân 557,1 tỷ đồng trên HoSE, mức kém nhất 31 phiên.
Các cổ phiếu bị bán ròng mạnh là PVD -45,1 tỷ đồng, HPG -42,4 tỷ, HSB -35,2 tỷ, DIG -32,9 tỷ, VHM -32 tỷ, HAH -31,2 tỷ, NVL -29,1 tỷ, VCI -23,6 tỷ. Phía mua ròng chỉ có BAF +29,7 tỷ, GEX +25,3 tỷ là đáng kể.
Với việc VN-Index sụt giảm phiên thứ 4 liên tiếp, tín hiệu đạt đỉnh đang rõ dần hoặc chí ít là nguy cơ rơi vào trạng thái đi ngang gần vùng đỉnh cũ. Hiện chỉ số vẫn đang phản ứng với mức hỗ trợ quanh 1320 điểm và chưa phá vỡ mức này. Tuy nhiên dù có tạo thành vùng dao động tích lũy trong khoảng 1320-1340 điểm thì cũng không hấp dẫn dòng tiền. Nhà đầu tư hoàn toàn có thể chờ đợi một diễn biến đột phá thực sự mới quay lại, hoặc chờ đợi mức chiết khấu giá tốt hơn nữa."
15,2025-06-09,Dự báo hai ETF ngoại sắp bán ra loạt cổ phiếu lớn,https://vneconomy.vn/du-bao-hai-etf-ngoai-sap-ban-ra-loat-co-phieu-lon.htm,"Dựa trên dữ liệu chốt ngày 30/05/2025, FTSE sẽ công bố danh mục cổ phiếu thành phần vào ngày 6/6 trong khi VNM công bố danh mục vào ngày 13/6, 2 quỹ sẽ hoàn tất cơ cấu danh mục vào ngày 20/06.
Trong cập nhật các quỹ tới đây, Chứng khoán MBS dự báo quỹ FTSE ETF dự báo danh mục không đổi, VIC, VHM bị bán ra trong khi SHB, EIB được mua mạnh.
Cụ thể, do các cổ phiếu đều đạt tiêu chí về thanh khoản giá trị giao dịch trung bình và tỷ lệ freefloat vẫn đạt ngưỡng cho phép, nên không có cổ phiếu nào bị loại ra và FTSE sẽ không thêm cổ phiếu thay thế mới.
Tại ngày 30/5, tỷ trọng của VIC trong chỉ số đã lên tới 16,79%, vượt ngưỡng giới hạn tối đa 15% của chỉ số FTSE Vietnam Index, do đó VIC sẽ bị giảm tỷ trọng cùng VHM, mở ra cơ hội gia tăng tỷ trọng cho các cổ phiếu khác. MBS dự tính VIC sẽ bị bán ra hơn 2 triệu cổ phiếu, VHM bán ra hơn 2,5 triệu cổ phiếu, trong khi đó mua vào 3,8 triệu cổ phiếu SHB, 1.4 triệu cổ phiếu EIB.
MBS cũng dự báo quỹ VNM ETF dự báo danh mục không đổi, VIC, VHM, VND, VCI bị bán ra lớn trong khi EIB, HPG, NAB được mua trở lại. Các cổ phiếu trong danh mục hiện tại của quỹ VNM ETF vẫn đáp ứng được các tiêu chí đánh giá như vốn hóa trên 3.600 tỷ, giá trị giao dịch trung bình 3 tháng trên 1 triệu USD, hay room nước ngoài tối thiểu 5%, do đó danh mục không có sự thay đổi.
VIC, VHM đã tăng mạnh sau đợt tăng giá gần đây, vượt quá ngưỡng giới hạn 8% nên nhiều khả năng cả hai sẽ bị giảm tỷ trọng trong kỳ này. Với việc giảm tỷ trọng VIC, VHM sẽ dẫn đầu nhóm cổ phiếu bị bán ra, với việc bán ra 7,2 triệu cổ phiếu VIC, 5,1 triệu cổ phiếu VHM, VND và VCI cũng bị bán ra lần lượt 6,3 triệu và 3,5 triệu cổ phiếu, trong khi đó sẽ mua ròng vào 10,7 triệu cổ phiếu EIB, 9,3 triệu cổ phiếu HPG, 9,2 triệu cổ phiếu NAB.
Về xu hướng dòng tiền, dòng tiền có xu hướng rút ròng khỏi các quỹ ETF đang hoạt động ở thị trường Việt Nam, tính chung 8 quỹ lớn tính từ đầu năm đang rút ròng hơn 262 triệu USD. Tính từ đầu năm đến này, FTSE bị rút ròng hơn 19 triệu USD, trong khi đó VNM bị rút ròng gần 62 triệu USD.
Hiện tại, tổng tài sản của quỹ FTSE ETF tham chiếu chỉ số FTSE Vietnam Index đạt 7.100 tỷ đồng. Từ đầu năm 2025, tổng giá trị tài sản ròng của quỹ tăng 6,5%, NAV/đơn vị quỹ tăng 15%, số lượng chứng chỉ quỹ đã giảm 7% xuống còn 9,5 triệu đơn vị.
Quỹ V.N.M ETF có quy mô đạt 11.050 đồng. Kể từ đầu năm, tổng giá trị tài sản ròng đã giảm 0,25%, NAV/ đơn vị quỹ đã tăng 16,8%, số lượng chứng chỉ quỹ đã giảm gần 15% xuống còn 30,6 triệu đơn vị."
16,2025-06-09,Vận hành thị trường vàng hiệu quả: Bắt đầu từ minh bạch,https://vneconomy.vn/van-hanh-thi-truong-vang-hieu-qua-bat-dau-tu-minh-bach.htm,"Từ năm 2012 về trước, cụm từ “vàng hóa nền kinh tế” không hề xa lạ. Vàng có mặt trong các giao dịch mua nhà, đất, xe và vay mượn. Nghị định 174/1999/NĐ-CP ngày 9/12/1999 giới hạn Ngân hàng Nhà nước chỉ quản lý nhà nước về vàng tiền tệ tại kho dự trữ ngoại hối; còn vàng phi tiền tệ (vàng miếng, trang sức) được tự do giao dịch như hàng hóa thông thường.
Ngày 13/10/2000, Ngân hàng Nhà nước ban hành Quyết định 432/2000/QĐ-NHNN, “tín dụng vàng” mặc nhiên được thừa nhận ở các ngân hàng thương mại và điều hành chính sách của Ngân hàng Nhà nước. Như vậy, trong quan hệ “tiền – hàng”, vàng ngự trị như một phương tiện thanh toán bên cạnh VND và USD; đồng thời, được chính thức hóa trong hoạt động tín dụng ngân hàng.
Với hành lang cơ chế quản lý như vậy, các ngân hàng được tự do kinh doanh, huy động, cho vay vàng vật chất, thậm chí cả vàng tài khoản. Thời điểm đó, các sàn vàng tài khoản như nấm từ ngân hàng đến các website ngoài thị trường.
Có lẽ, “vàng hóa nền kinh tế” vẫn tiếp tục như vậy, tất cả chủ thể tham gia đều hài lòng với các khoản lợi nhuận thu về nếu không có cuộc khủng hoảng tài chính ở Mỹ vào năm 2007, đẩy tất cả vào vòng xoáy. Ở đó, giá vàng, giá USD nhảy múa, thanh khoản vàng ở ngân hàng đứt đoạn, nhập lậu tràn lan, kèm theo là rủi ro dần lộ diện, đưa ít nhất 5 ngân hàng thương mại cổ phần tư nhân đứng đầu hệ thống chao đảo vì vàng.
Giai đoạn 2007 - 2009, độ mở của kinh tế Việt Nam với thế giới ngày càng lớn. Năm 2009, tổng kim ngạch xuất nhập khẩu là 125,4 tỷ USD, chiếm 119,89% GDP (GDP năm 2009 là 104,6 tỷ USD), các dòng vốn đầu tư nước ngoài bao gồm cả FDI và FII chảy vào khá mạnh. Bởi vậy, hầu như mọi biến động thị trường tài chính, giá hàng hóa trên thế giới đều được “nhập khẩu” vào Việt Nam.
Riêng với giá vàng nguyên liệu thế giới, đầu tháng 9/2009, tăng vọt lên mức 1.227,50 USD/ounce. Các chuyên gia lúc đó nhận định giá vàng thế giới tăng do ba nguyên nhân chính: (i) các ngân hàng trung ương tăng cường mua vào; (ii) giá trị đồng USD suy giảm; (iii) áp lực mua đầu cơ của các quỹ đầu tư gia tăng; (iv) đặc biệt là lo ngại lạm phát.
""Theo ước tính, trước khi chấm dứt hoạt động sàn vàng và Nhà nước độc quyền xuất nhập khẩu vàng nguyên liệu và sản xuất vàng miếng, mỗi năm bình quân thị trường Việt Nam nhập khẩu 100 tấn vàng, trong đó có tới 70 tấn vàng nhập lậu, tương đương 3,5 tỷ USD.
Việc nới lỏng quản lý đối với vàng phi tiền tệ đã gây nên các tác động tiêu cực, nhất là trong thời điểm giá vàng biến động mạnh. Các đối tượng có hành vi làm giá, đầu cơ gây khan hiếm cung giả tạo; đồng thời, tung tin đồn gây nên các “cơn sốt vàng” làm cho người dân tập trung đi mua vàng.
Khi giá vàng trong nước cao hơn giá vàng thế giới, ngay lập tức xuất hiện tình trạng thu gom ngoại tệ trên thị trường tự do để nhập lậu vàng nguyên liệu, sản xuất vàng miếng từ nguồn vàng nhập lậu, từ đó gây ảnh hưởng bất lợi tới tỷ giá, thị trường ngoại tệ"".
"".
Ở trong nước, ngày 11/11/2009, lần đầu tiên trong lịch sử, giá vàng miếng đạt đỉnh 29,3 triệu đồng/lượng, sau đó ít ngày là 29,10 triệu đồng/lượng, cao hơn giá thế giới 4-5 triệu đồng/lượng. Giới phân tích cho rằng, sở dĩ con số chênh lệch giá cao như vậy là bởi từ năm 2008, Chính phủ ngừng cấp phép nhập khẩu kim loại quý để bảo đảm các cân đối vĩ mô, trong đó có tỷ giá.
Khi giá vàng tăng đã đẩy những ngân hàng có tỷ trọng vàng vật chất, vàng tài khoản lớn trên bảng cân đối tài sản vào tình thế điêu đứng. Lý do là trước đó, giá vàng ở mức thấp, ví dụ năm 2007, giá mua/bán vàng miếng SJC chỉ khoảng 1.255 nghìn đồng - 1.290 nghìn đồng/chỉ, tương ứng 12.550 nghìn – 12.900 nghìn đồng/lượng (10 chỉ bằng 1 lượng vàng), nhưng đến năm 2009, giá vàng lên tới trên 29,3 triệu đồng/lượng, tăng 2,38 lần; năm 2011, trước khi ra đời Nghị định 24 và các ngân hàng đang trong những ngày phải tất toán trạng thái vàng huy động về 0 (trước 30/6/2013), giá vàng đạt 42,6 triệu đồng/lượng, gấp 3,44 lần, thậm chí hơn so với năm 2007.
Không một ngân hàng nào dự báo được viễn cảnh giá vàng ở mức cao như vậy. Trước đoàn người rồng rắn đòi rút vàng ở mỗi đầu ngày, nhiều ngân hàng lần lữa hẹn để xoay xở khi giá gấp hơn 2 lần so với vài năm trước. Tệ hại hơn, khi càng cố mua, tâm lý thị trường bị kích động, giá càng leo thang không thể kiểm soát, đưa thị trường vàng thành “ngựa bất kham” trong các năm 2009 – 2012.
Thời điểm đó, cơ quan chức năng cũng xác định là một trong những yếu tố gây tác hại nhiều nhất đến tỷ giá, dẫn đến Ngân hàng Nhà nước luôn trong tình trạng bán ngoại tệ để cân bằng.
TS. Nguyễn Đức Trung, Hiệu trưởng Trường Đại học Ngân hàng TP. Hồ Chí Minh, phân tích việc nới lỏng quản lý đối với vàng phi tiền tệ đã gây nên các tác động tiêu cực, nhất là trong thời điểm giá vàng biến động mạnh. Các đối tượng có hành vi làm giá, đầu cơ gây khan hiếm cung giả tạo; đồng thời, tung tin đồn gây nên các “cơn sốt vàng” làm cho người dân tập trung đi mua vàng.
Khi giá vàng trong nước cao hơn giá vàng thế giới, ngay lập tức xuất hiện tình trạng thu gom ngoại tệ trên thị trường tự do để nhập lậu vàng nguyên liệu, sản xuất vàng miếng từ nguồn vàng nhập lậu, từ đó gây ảnh hưởng bất lợi tới tỷ giá, thị trường ngoại tệ.
Trước thực tế này, Ngân hàng Nhà nước đã tham mưu và ngày 3/4/2012, Chính phủ ban hành Nghị định số 24/2012/NĐ-CP về quản lý hoạt động kinh doanh vàng (có hiệu lực ngày 25/5/2012) với một số mục tiêu khá rõ nét: (i) giải quyết đứt thanh khoản vàng ở một số ngân hàng; (ii) quốc gia hóa và nhà nước độc quyền thương hiệu vàng miếng SJC (chiếm trên 90% thị phần vàng miếng); (iii) độc quyền xuất nhập khẩu vàng nguyên liệu; (iv) có lộ trình “đẩy đuổi” vàng ra khỏi hoạt động ngân hàng, nghiêm cấm tín dụng và các hình thức huy động vàng khác, chấm dứt sàn giao dịch vàng; (v) việc mua, bán vàng miếng chỉ được thực hiện tại những tổ chức được Ngân hàng Nhà nước cấp phép…
Trong số những mục tiêu nêu trên, việc nhập khẩu vàng giải quyết thanh khoản vàng cho các ngân hàng là vấn đề đau đầu nhất, trong bối cảnh dự trữ ngoại hối rất mỏng. Ngân hàng Nhà nước chưa từng chính thức công bố đã nhập khẩu bao nhiêu tấn vàng; tuy nhiên, theo một số chuyên gia, lúc đó Ngân hàng Nhà nước nhập khẩu 70 – 75 tấn vàng nguyên liệu.
Thực tế cho thấy, Ngân hàng Nhà nước liên tục tổ chức các phiên đấu thầu vàng thông qua quy trình đấu thầu tại Thông tư số 06/2013/TT-NHNN ngày 12/3/2013. Phiên đấu thầu đầu tiên trúng 2 nghìn lượng nhưng các phiên tiếp theo khối lượng trúng thầu tăng lên tới 25,7 nghìn lượng, thậm chí 39,2 nghìn lượng. Số liệu Ngân hàng Nhà nước cho thấy, đến 3/5/2013, thông qua nguồn cung vàng từ đấu thầu của Ngân hàng Nhà nước, các tổ chức tín dụng có nghiệp vụ “tín dụng vàng” tất toán 80% số dư huy động vốn bằng vàng. Nhìn chung, trước ngày 30/6/2013, các ngân hàng hoàn thành tất toán 100% số vàng đã huy động.
Việc ngắt vàng (vật chất và tài khoản) khỏi hoạt động ngân hàng, không chỉ trả lại sự lành mạnh cho các ngân hàng trong chức năng phân bổ nguồn lực tiết kiệm đến đầu tư đối với nội tệ, mà tỷ giá cũng ổn định trở lại. Bởi lẽ, trước khi Nghị định 24 ra đời, khi nhận thấy giá vàng trong nước cao hơn giá vàng thế giới, không ít doanh nghiệp được phép sản xuất vàng miếng đã gom ngoại tệ trên thị trường tự do nhập lậu vàng nguyên liệu để sản xuất vàng miếng trái phép.
Đặc biệt, khi thị trường vàng được kiểm soát chặt chẽ, tỷ giá cũng ổn định trở lại và tình trạng này kéo dài từ năm 2013 đến nay.
Các nhà nghiên cứu cũng nhận thấy, sau nhiều năm thực hiện Nghị định 24, mối quan hệ giữa giá vàng và giá USD trở nên mờ nhạt, khác hẳn giai đoạn trước khi Nghị định này ra đời. Ngoài ra, từ năm 2012 đến nay, tỷ giá và lạm phát hoàn toàn nằm trong hoặc thấp hơn mục tiêu Quốc hội giao Chính phủ.
Tuy nhiên, bắt đầu từ năm 2020 đến nay, sau khi thế giới thoát khỏi đại dịch Covid-19, kinh tế toàn cầu trải qua rất nhiều biến cố và ảnh hưởng sâu sắc tới giá vàng. Trong một báo cáo mới đây trình Quốc hội, Ngân hàng Nhà nước cho biết, đầu năm 2025, giá vàng thế giới liên tục phá vỡ mức kỷ lục trước đó.
Nguyên nhân chủ yếu khiến giá vàng quốc tế tăng là do: (i) bất ổn chính trị, xung đột quân sự, cạnh tranh chiến lược gia tăng trên phạm vi toàn cầu như xung đột quân sự Nga - Ukraine kéo dài, kéo theo đó là các biện pháp trừng phạt, trả đũa lẫn nhau về kinh tế, chính trị giữa Nga với Mỹ và đồng minh; xung đột quân sự giữa Israel và các quốc gia, lực lượng Hồi giáo tại Trung Đông; (ii) nhiều ngân hàng trung ương và quỹ đầu tư đẩy mạnh mua vào vàng để bổ sung dự trữ ngoại hối cũng là lý do quan trọng khiến giá vàng tăng; (iii) Tổng thống Mỹ Donald Trump công bố mức thuế đối ứng cao với các quốc gia trên thế giới đã tác động tiêu cực đến tâm lý nhà đầu tư và tăng trưởng kinh tế thế giới, khiến dòng tiền của nhà đầu tư có xu hướng đổ vào vàng…
Trong nước, giá vàng miếng SJC diễn biến cùng chiều với giá thế giới. Với các giải pháp quản lý đồng bộ, cho tới đầu tháng 4/2025, chênh lệch giá vàng trong nước và giá vàng thế giới tiếp tục được kiểm soát và duy trì ở biên độ khoảng 3-5 triệu đồng/lượng (tương đương khoảng 5-7%); có thời điểm chỉ còn trên dưới 1 triệu đồng/lượng (tương đương khoảng 1-2%) vào đầu năm 2025. Đến ngày 23/4/2025, chênh lệch giá vàng miếng SJC trong nước và thế giới quy đổi ở mức xấp xỉ 14,48 triệu đồng/lượng (tương đương khoảng 13,62%).
Tại thời điểm này, một loạt vấn đề lại được đặt ra đối với Ngân hàng Nhà nước, đó là: (i) giảm chênh lệch giá vàng giữa trong và ngoài nước; (ii) cho phép đưa vàng vào giao dịch trên sàn vàng, sàn hàng hóa; (iii) khơi thông nguồn lực vàng phát triển kinh tế - xã hội.
Tuy nhiên, cũng không ít ý kiến cực đoan cho rằng Nghị định 24 đã “hoàn thành sứ mệnh”, cần “chấm dứt hiệu lực”, “mở cửa cho nhập khẩu vàng trở lại theo nhu cầu thị trường”…
Theo phân tích của nguyên phó tổng giám đốc một ngân hàng thương mại nhà nước, so với các quốc gia có quy mô kinh tế tương đương trong khu vực (Indonesia, Thái Lan, Malaysia), dự trữ ngoại hối của Việt Nam hiện đang ở mức thấp hơn, cả về giá trị tuyệt đối và tỷ lệ bao phủ nhập khẩu. Trong khi đó, nền kinh tế còn phụ thuộc mạnh vào nhập khẩu năng lượng, nguyên liệu sản xuất (dệt may, điện tử…), khiến áp lực lên dự trữ ngoại hối càng lớn.
Sự biến động của kinh tế thế giới, đặc biệt chính sách thuế và thương mại của Mỹ (dưới thời Donald Trump), đã tác động mạnh đến cán cân thanh toán của Việt Nam. Việc duy trì dự trữ ngoại hối để nhập khẩu hàng hóa thiết yếu như máy móc, công nghệ trở nên cấp bách hơn nếu so sánh với nhu cầu nhập khẩu vàng để sản xuất ra vàng miếng .
Thử hình dung, một ngân hàng hoặc bất cứ chủ thể nào huy động hay vay 1 cây vàng lúc giá gần 12,3 triệu đồng/lượng và trót bán để kiếm lời; tuy nhiên 2 năm sau, giá vàng tăng 2,38 lần; sau 3 năm giá lên 42,6 triệu đồng/lượng, bên gửi vàng chỉ đòi vàng, không lấy tiền. Ở vào tình cảnh này, không nói ai cũng hiểu ngân hàng quẫn bách như thế nào.
Trong một thời gian dài, thị trường vàng đã bị méo mó bởi các hành vi lũng đoạn mà 6 kết luận thanh tra của Ngân hàng Nhà nước mới đây đã chỉ ra.
Một luồng ý kiến đáng chú ý cho rằng nhu cầu tích trữ vàng miếng không chỉ xuất phát từ “nỗi lo lạm phát”, cần dự trữ tài sản, mà còn từ các cá nhân muốn che giấu tài sản bất minh. Trong bối cảnh Chính phủ đẩy mạnh công khai, minh bạch hóa tài sản (yêu cầu kê khai tài sản, nguồn thu nhập…), tiền mặt và bất động sản trở thành tài sản “dễ bị truy vấn”, trong khi vàng miếng (không đăng ký sở hữu) lại kín đáo hơn.
Trong thực tế, tiền gửi tại ngân hàng hay chứng khoán đều có thông tin dữ liệu đầy đủ, ngay cả bất động sản cũng được quản lý cơ sở dữ liệu đất đai.
Riêng vàng (vàng miếng, vàng nhẫn) không cần đăng ký, giao dịch bằng tiền mặt, dễ trao tay, chúng cũng không hề có số series như là xe máy hay ô tô.
Do vậy, vàng trở thành “kho giấu tài sản” lý tưởng cho nhóm sở hữu tài sản khó minh bạch. Hàng loạt quy định đang được siết chặt (Luật Phòng chống tham nhũng, Luật Kê khai tài sản), nhưng vàng – vốn nằm ngoài hệ thống tài sản đăng ký - thì vẫn ở trong tình trạng “vô thừa nhận” của luật pháp.
Buôn lậu vàng không chỉ xuất phát từ nhu cầu kinh tế, mà còn phục vụ nhu cầu “rửa tiền” đối với tài sản không minh bạch. Nhiều vụ việc thời gian qua cho thấy các đường dây buôn lậu vàng lên tới hàng trăm kg.
Để lành mạnh thị trường vàng, đồng thời thúc đẩy công cuộc đấu tranh chống tham nhũng hiệu quả hơn, cần nghiên cứu giao dịch vàng qua tài khoản, đồng thời kết nối thông tin giữa tài khoản ngân hàng, bất động sản và tài khoản vàng theo mã số định danh cá nhân.
Mọi giao dịch mua, bán vàng đều hạch toán ghi nhận và theo dõi trên tài khoản vàng của từng cá nhân, từ đó cho phép dễ dàng truy xuất nguồn gốc tài sản.
Trong 6 kết luận thanh tra thị trường vàng vừa qua đối với 6 đơn vị, rất ít người chú ý đến hành vi giao dịch vàng giữa cá nhân với tổ chức với số lượng vàng rất lớn dù nhân thân cá nhân đó không liên quan nhiều đến khả năng có một khối lượng tài sản khổng lồ. Liệu đây có phải là hành vi hợp thức hóa nguồn vàng nhập lậu và rửa tiền?
Nguyên Phó Tổng giám đốc ngân hàng nói trên cho biết: ""Trước khi bàn đến chuyện khơi thông nguồn lực vàng ở tổ chức, dân cư, điều cần thiết đầu tiên là phải minh bạch. Những người sở hữu vàng đều phải được định danh tài sản này dưới bất kỳ hình thức nào. Hai năm gần đây, những người sở hữu vàng mua từ nguồn bốn ngân hàng thương mại nhà nước, chỉ cần gõ đúng số series, sẽ hiện ra toàn bộ thông tin cơ bản của người sở hữu”...
Nội dung đầy đủ của bài viết được đăng tải trên Tạp chí Kinh tế Việt Nam số 23-2025 phát hành ngày 09/06/2025. Kính mời Quý độc giả tìm đọc tại đây :
https://postenp.phaha.vn/tap-chi-kinh-te-viet-nam/detail/1440"
17,2025-06-09,Khả năng cao FTSE Russell sẽ nâng hạng chứng khoán Việt Nam trong tháng 10/2025,https://vneconomy.vn/kha-nang-cao-ftse-russell-se-nang-hang-chung-khoan-viet-nam-trong-thang-10-2025.htm,"SSI Research vừa có báo cáo cập nhật triển vọng thị trường chứng khoán trong tháng 6 trong đó nhấn mạnh số liệu kinh tế vĩ mô Việt Nam trong tháng 5 tiếp tục duy trì tốc độ tăng trưởng mạnh mẽ với xu hướng hồi phục rõ ràng của các động lực tăng trưởng truyền thống.
SSI Research cho rằng GDP quý II 2025 của Việt Nam đang hướng tới mức tăng trưởng 7,5% so với cùng kỳ. Tuy nhiên, thuế quan và tỷ giá tiếp tục là những yếu tố rủi ro cần được theo dõi chặt chẽ.
Thị trường chứng khoán Việt Nam tăng ấn tượng và lập đỉnh mới 3 năm. Kết phiên 30/5, VN-Index đạt 1.332,6 điểm, tăng 106 điểm tương ứng tăng 8,67% so với tháng trước và đánh dấu tháng tăng tốt nhất kể từ tháng 7/2023, với đà tăng nổi bật ghi nhận ở các nhóm Bất động sản, Du lịch và giải trí, Hóa chất.
Mặt bằng thanh khoản giữ nhịp sôi động, chỉ giảm nhẹ 7% so với mức đột biến của tháng trước, do vậy giúp nhóm cổ phiếu midcap đạt được mức tăng tốt hơn so với nhóm cổ phiếu bluechip.
Trong ngắn hạn, áp lực rủi ro gia tăng. Thống kê lịch sử cho thấy tỷ lệ thị trường tăng giảm tương đối cân bằng trong quá khứ, với 7 lần tăng và 7 lần giảm trong 14 năm gần nhất. Tuy nhiên, áp lực bán có thể gia tăng sau khi thị trường đã hồi phục khoảng 22% từ mức đáy đầu tháng 4, đặc biệt trong giai đoạn cuối tháng 6 trước mùa công bố kết quả kinh doanh và kết thúc giai đoạn hoãn thuế 90 ngày của Mỹ vào đầu tháng 7.
Do vậy, dòng tiền có thể hướng đến các nhóm cổ phiếu như cổ phiếu phòng thủ, cổ phiếu có kết quả kinh doanh tăng trưởng tốt trong quý 2 và cổ phiếu ít chịu ảnh hưởng bởi các thông tin thuế quan.
Dù vậy, vẫn có những động lực cho thị trường như triển vọng nâng hạng. Ngân hàng Nhà nước đã ban hành Thông tư số 03/2025/TT-NHNN (Thông tư 03), trong đó cùng với Thông tư 18/2025 của Bộ Tài chính, đã cụ thể hóa và tạo thuận lợi hơn cho việc triển khai nghiệp vụ giao dịch không yêu cầu ký quỹ trước bằng tiền (Non-Prefunding Solution - NPS) của nhà đầu tư tổ chức nước ngoài.
Đặc biệt, Thông tư 03 đã đơn giản hóa thủ tục mở tài khoản đầu tư gián tiếp, với việc không yêu cầu hợp pháp hóa lãnh sự với tài liệu bằng tiếng nước ngoài.
Chính thức vận hành hệ thống công nghệ thông tin mới (Hệ thống KRX) từ ngày 5/5, và sau hơn một tháng triển khai, hệ thống KRX hoạt động ổn định, tạo cơ sở để kỳ vọng có thể triển khai các sản phẩm, dịch vụ mới trên thị trường chứng khoán Việt Nam.
Trong tháng 6, bên cạnh việc MSCI công bố kết quả đánh giá phân loại thị trường 2025, các thông tin liên quan đến việc sửa đổi Nghị định 155 và các văn bản có liên quan vẫn tiếp tục thu hút sự chú ý của nhà đầu tư khi kỳ đánh giá của FTSE Russell đang tới gần. Những thay đổi liên quan đển thời gian mở tài khoản giao dịch, tài khoản thanh toán, sở hữu nước ngoài, NPS, CCP … sẽ giải quyết các vấn đề mà FTSE Russell từng nêu khi xem xét nâng hạng thị trường Việt Nam lên nhóm thị trường mới nổi vào tháng 10/2025.
Triển vọng dài hạn thị trường vẫn rất tích cực. Theo ước tính của SSI Research đối với hơn 80 cổ phiếu trong phạm vi nghiên cứu, lợi nhuận doanh nghiệp dự kiến sẽ tăng 13,4% so với cùng kỳ trong kịch bản Mỹ áp thuế 20%.
Hoạt động đầu tư công và sự phục hồi của thị trường bất động sản được kỳ vọng sẽ là lực đẩy quan trọng cho tăng trưởng của các ngành mang tính chu kỳ như xây dựng & vật liệu, bất động sản dân cư, công nghệ thông tin và tài chính.
Ở chiều ngược lại, nhóm cổ phiếu tiêu dùng có thể được hưởng lợi từ quá trình phục hồi dần của tiêu dùng nội địa và gia tăng thị phần biên lợi nhuận, mặc dù tâm lý tiêu dùng có thể bị ảnh hưởng gián tiếp bởi các yếu tố thuế quan vào cuối năm.
Các mốc kỹ thuật cần lưu ý trên VN-Index: Kháng cự: 1.360 - 1.390 - Hỗ trợ: 1.300 - 1.320. Các cổ phiếu khuyến nghị: Thêm mới: HPG, GMD, DPM, KDH; Nắm giữ: PVT; Chốt lời: PLC; Đóng KN: SAS, ACV, PAT."
18,2025-06-09,"Chuyên gia: Rủi ro điều chỉnh, nhà đầu tư nên hạ tỷ trọng về ngưỡng an toàn",https://vneconomy.vn/chuyen-gia-rui-ro-dieu-chinh-nha-dau-tu-nen-ha-ty-trong-ve-nguong-an-toan.htm,"Vn-Index khép lại tuần giao dịch thứ 23/2025 tại mức 1.329,89 điểm, giảm 2,71 điểm tương đương -0,2% so với tuần trước trong bối cảnh dòng tiền chững lại, với giá trị giao dịch khớp lệnh bình quân phiên giảm nhẹ 6,4%. Đây là tuần điều chỉnh đầu tiên sau chuỗi 4 tuần tăng liên tiếp kể từ cuối tháng 4/2025 với tổng mức tăng 8,7%.
Nhận định về xu hướng thị trường tuần mới, ông Đinh Quang Hinh, Trưởng bộ phận vĩ mô và chiến lược thị trường, Công ty cổ phần chứng khoán VnDirect nhấn mạnh Đàm phán thương mại Việt-Mỹ chuẩn bị bước vào giai đoạn “then chốt”, nhà đầu tư nên gia tăng sự thận trọng.
Thị trường chứng khoán Việt Nam chứng kiến xu hướng tích cực trong 2 phiên đầu tuần với chỉ số VN-Index leo lên mức 1.347,3 điểm. Tuy nhiên, áp lực chốt lời gia tăng mạnh tại vùng kháng cự 1.350 điểm đã kéo các chỉ số chứng khoán trong nước giảm điểm liên tiếp trong 3 phiên cuối tuần.
Việc thị trường thiếu vắng thông tin hỗ trợ sau mùa “báo cáo kết quả kinh doanh quý 1 và Đại hội cổ đông” cùng với đàm phán thương mại Mỹ-Việt Nam chưa đạt bước đột phá khiến tâm lý của giới đầu tư trở nên thận trọng hơn, đặc biệt khi thời hạn hoãn thuế đối ứng 90 ngày chỉ còn hơn một tháng nữa là hết hiệu lực. Phiên cuối tuần chứng kiến lực bán tăng mạnh, kéo chỉ số Vn-Index giảm về mức 1.329,8 điểm, đánh dấu mức giảm nhẹ 0,2% so với cuối tuần trước đó.
Bước sang tuần giao dịch tới, chỉ số Vn-Index sẽ kiểm định lại vùng hỗ trợ quanh 1.320 điểm (tương đương đường MA20). Diễn biến của Vn-Index tại vùng này sẽ quyết định xu hướng tăng ngắn hạn của thị trường có còn được duy trì hay không.
Nếu đánh mất hỗ trợ này, chỉ số Vn-Index có thể lùi về vùng hỗ trợ sâu hơn tại 1.300 điểm. Trong bối cảnh đó, nhà đầu tư nên xem xét hạ đòn bẩy và điểu chỉnh tỷ trọng cổ phiếu xuống ngưỡng an toàn nếu VN-Index không giữ được vùng 1.320 điểm.
Việc hiện thực hóa lợi nhuận và ưu tiên quản trị rủi ro danh mục nên được ưu tiên trong bối cảnh thị trường sắp bước vào 30 ngày “then chốt” với nhiều sự kiện quan trọng diễn ra như cuộc họp chính sách của FED vào trung tuần tháng 6 và thời hạn chót đàm phán thuế đối ứng vào đầu tháng 7 tới.
Ông Nguyễn Thế Minh, Giám đốc phân tích khối khách hàng cá nhân của Chứng khoán Yuanta: Theo thống kê chu kỳ 3 năm trong lịch sử, thị trường thường tăng trong năm thứ nhất và năm thứ 2, đặc biệt trong năm thứ 2 là năm tăng trưởng mạnh nhất. Bước sang năm thứ 3 thì thị trường sẽ khó khăn hơn và xuất hiện các pha giảm mạnh, hay tức là hỗn loạn sẽ thưởng xảy ra trong năm thứ 03.
Tính trên chỉ số S&P500, thị trường đã xác lập xu hướng giá lên từ ngày 12/10/2022 cho nên từ ngày 12/10/2024 – 12/10/2025 là giai đoạn năm thứ 3 của thị trường chứng khoán. Do đó, điều này hàm ý nhà đầu tư cần thận trọng trong giai đoạn 10/2024-10/2025.
Lợi suất trái phiếu kỳ hạn dài 10 năm và 30 năm tăng mạnh và vẫn ở mức cao mặc dù nổ lực hạ nhiệt lợi suất trái phiếu của Bộ trưởng Bộ Tài chính Mỹ. Việc gia dầu tăng cao cùng với lợi suất trái phiếu Mỹ vẫn neo ở mức cao khiến rủi ro lạm phát gia tăng, điều này sẽ gia tăng áp lực cho chính quyền Trump trong mọi nổ lực dùng đàm phán thuế quan để thúc đẩy tăng trưởng nền kinh tế.
Do đó, hơn bao giờ hết, Mỹ sẽ càng nhanh chóng thúc đẩy đàm phán thuế quan sớm đạt thỏa thuận, nhưng các điều kiện đưa ra hiện nay khiến các đối tác chưa đạt được kỳ vọng, Yuanta đánh giá thuế quan “có đi có lại” của chính quyền Trump cũng rất có khả năng sẽ xảy ra kịch bản “delay” và kéo dài trong thời gian tới.
Các tổ chức tài chính phố Wall đã nâng triển vọng chỉ số S&P500 thêm khoảng 8.3% trong năm 2025. Mức mục tiêu của các nhà phân tích cho chỉ số S&P500 dự báo quanh mức 6,432 điểm (+8.3% so với phiên 06/06/2025).
Các nhà dự báo cho rằng thuế quan mới sẽ không ảnh hưởng sâu đến lợi nhuận doanh nghiệp, mở đường cho môi trường thuận lợi. Đồng thời, chỉ số S&P500 đã quay trở lại thị trường giá lên sau khi có mức phục hồi gần 20% sau đợt sụt giảm mạnh vào đầu tháng 04/2025 cho thấy tâm lý đã lạc quan trở lại. Ngoài ra, các nhà dự báo đánh giá chính quyền Trump sẽ nhượng bộ thuế quan trong các cuộc đàm phán do sức ép từ thị trường.
Trong biến động 120 phiên (tương đương 6 tháng kế tiếp), nếu chỉ số S&P500 có mức tăng thêm 8,3% trong năm 2025 thì chỉ số VN-Index có thể tăng 0,89% vì mức tương quan gần đây của hai chỉ số này đang giảm dần mặc dù vẫn là tương quan thuận.
Lưu ý mức tương quan này có thể thay đổi nếu các biến động của chỉ số VN-Index đồng pha hơn với chỉ số S&P500 trong thời gian tới.
Kể từ khi niêm yết VPL, sự tác động của nhóm Vingroup lên chỉ số VN-Index càng gia tăng. Nếu loại trừ 4 cổ phiếu Vingroup (VIC, VHM, VRE, VPL) kể từ phiên 12/05/2025 thì chỉ số VN-Index (không tính nhóm Vingroup) chỉ đang giao dịch quanh mức 1.300 điểm, điều này cho thấy sự tác động của nhóm Vingroup lên chỉ số là rất lớn.
Theo công cụ YSradar, mức Sức mạnh giá của VHM và VIC đang trên mức 98 điểm cho thấy rủi ro ngắn hạn ở hai nhóm cổ phiếu này có chiều hướng gia tăng và khả năng xác lập vùng đỉnh là khá cao. Do đó, trong ngắn hạn, nhóm Vingroup cũng có thể tác động tiêu cực lên chỉ số VN-Index."
